id,Original Link,Categories,asmr,baby,ballsport,basteln,beauty,car,cats,cute,deko,dogs,duet,experiment,faden,family,fandom,filter,foto,funny,funny/comdey,gamstation,group,gym,hack,hair,haus,history,impressivedrawing,instrument,keramikton,kleidung,lipsync,magic,makeup,manga,men,minecraft,moto,movie,nails,narrator,oldschool,other animals,outside,places,schmuck,school,shootinggames,siging,simpledrawing,singing,speaking,stunts,summersport,surprise,text,transition,trend,trendchoreo,tutorial,virtualreality,wintersport,women,zoom
a1,https://www.tiktok.com/@jordantsanford/video/7094681255618399530?is_copy_url=1&is_from_webapp=v1&q=car&t=1659080441823,auto,x,,,,,x,,,,,,,,,,,,,,,,,,,,,,,,,,,,,,,,,,,,,,,,,,,,,,,,,,,,,,,,,
a2,https://www.tiktok.com/@lianggeshuoche/video/7097438662710906154?is_copy_url=1&is_from_webapp=v1&q=car&t=1659080441823,auto,,,,,,x,,,,,,,,,,,,,,,,,x,,,,,,,,,,,,x,,,,,x,,,,,,,,,,,,,,,,,,,x,,,,
a3,https://www.tiktok.com/@alibekovkz/video/7111996764739128582?is_copy_url=1&is_from_webapp=v1&q=car&t=1659080441823,auto,x,,,,,x,,,,,,,,,,,,,,,,,,,,,,,,,,,,,x,,,,,,,,,,,,,,,,,,,,,,,,,,,,
a4,https://www.tiktok.com/@supercarblondie/video/7115336446134766850?is_copy_url=1&is_from_webapp=v1&q=car&t=1659080441823,auto,,,,,,x,,,,,,,,,,,,,,,,,,,,,,,,,,,,,,,,,,,,,,,,,,,,,x,,,,,,,,,,,x,
a5,https://www.tiktok.com/@sonnyg_cars/video/7117099840386895105?is_copy_url=1&is_from_webapp=v1&q=car&t=1659080441823,auto,x,,,,,x,,,,,,,,,,,,,,,,,,,,,,,,,,,,,,,,,,,,,,,,,,,,,,,,,x,,,,,,,x,
a6,https://www.tiktok.com/@garycarstore/video/7086089502669704454?is_copy_url=1&is_from_webapp=v1&q=car&t=1659080441823,auto,,,,,,x,,,,,,,,,,,,,x,,,,,,,,,,,,,,,,,,,,,,,,,,,,,x,,,,,,,,,,,,,,,
a7,https://www.tiktok.com/@japan.ghost/video/7111406610970332422?is_copy_url=1&is_from_webapp=v1&q=car&t=1659080441823,auto,,,,,,x,,,,,,,,,,,,,,,,,,,,,,,,,,,,,,,,,,,,,,,,,,,,,,,,,,,,,,,,,
a8,https://www.tiktok.com/@tangozilla/video/7092776497240345861?is_copy_url=1&is_from_webapp=v1&q=car&t=1659080441823,auto,,,,,,x,,,,,,,,,,,,,,,,,,,,,,,,,,,,,x,,,,,,,,,,,,,,,,x,,,,x,,,,,,,,
a9,https://www.tiktok.com/@0o0_0257/video/7107588406938537258?is_copy_url=1&is_from_webapp=v1&q=car&t=1659080441823,auto,x,,,,,x,,,,,,,,,,,,,,,,,,,,,,,,,,,,,,,,,,,,,,,,,,,,,,,,,,,,,,,,,
a10,https://www.tiktok.com/@beirut.cars/video/7106468474016271617?is_copy_url=1&is_from_webapp=v1&q=car&t=1659080441823,auto,,,,,,x,,,,,,,,,,,,,,,,,,,,,,,,,,,,,,,,,,,,,,,,,,,,,,,,,,,,,,,,,
a11,https://www.tiktok.com/@supercarblondie/video/7099411430688050434?is_copy_url=1&is_from_webapp=v1&q=car&t=1659080441823,auto,,,,,,x,,,,,,,,,,,,,,,,,,,,,,,,,,,,,,,,,,,,,,,,,,,,,x,,,,x,,,,,,,x,
a12,https://www.tiktok.com/@haruwka/video/7110087119502085377?is_copy_url=1&is_from_webapp=v1&q=motorcycle&t=1659085955394,auto,,,,,,,,,,,,,,,,,,,,,,,,,,,,,,,,,,,x,,x,,,,,,,,,,,,,,,,,,,,,,,,,x,
a13,https://www.tiktok.com/@kidriderr/video/7090173357848644870?is_copy_url=1&is_from_webapp=v1&q=yamaha&t=1659086080323,auto,,,,,,,,,,,,,,,,,,,,,,,,,,,,,,,,,,,x,,x,,,,,,,,,,,,,,,,,,,,,,,,,,
a14,https://www.tiktok.com/@mundobiker0/video/7030964279562095878?is_copy_url=1&is_from_webapp=v1&q=stunts%20motor&t=1659086101981,auto,,,,,,,,,,,,,,,,,,,,,,,,,,,,,,,,,,,x,,x,,,,,,,,,,,,,,,,,,,,,,,,,,
a15,https://www.tiktok.com/@diogomatos_stuntrider/video/7039482029657853189?is_copy_url=1&is_from_webapp=v1&q=stunts%20motor&t=1659086101981,auto,,,,,,,,,,,,,,,,,,,,,,,,,,,,,,,,,,,x,,x,,,,,,,,,,,,,,,x,,,,,,,,,,,
a16,https://www.tiktok.com/@mancave2022/video/7049426374532255023?is_copy_url=1&is_from_webapp=v1&q=stunts%20motor&t=1659086101981,auto,,,,,,,,,,,,,,,,,,,,,,,,,,,,,,,,,,,,,x,,,,,,,,,,,,,,,x,,,,,,,,,,x,
a17,https://www.tiktok.com/@motocrossdorno/video/6837838349017943301?is_copy_url=1&is_from_webapp=v1,auto,,,,,,,,,,,,,,,,,,,,,x,,,,,,,,,,,,,,,,x,,,,,,,,,,,,,,,x,,,,,,,,,,,
a18,https://www.tiktok.com/@bestmoto2022/video/6976213792309005570?is_copy_url=1&is_from_webapp=v1,auto,,,,,,,,,,,,,,,,,,,,,,,,,,,,,,,,,,,x,,x,,,,,,,,,,,,,,,x,,,,,,,,,,,
a19,https://www.tiktok.com/@lancerussell155/video/7075637588794658049?is_copy_url=1&is_from_webapp=v1,auto,,,,,,,,,,,,,,,,,,,,,,,,,,,,,,,,,,,x,,x,,,,,,,,,,,,,,,x,,,,,,,,,,,
a20,https://www.tiktok.com/@redbullitalia/video/6823271934906682630?is_copy_url=1&is_from_webapp=v1,auto,,,,,,,,,,,,,,,,,,,,,,,,,,,,,,,,,,,x,,x,,,,,,,,,,,,,,,x,,,,,,,,,,,
a21,https://www.tiktok.com/@villaky/video/7074628803930246405?is_copy_url=1&is_from_webapp=v1&q=driften&t=1659086327165,auto,,,,,,x,,,,,,,,,,,,,,,,,,,,,,,,,,,,,,,,,,,,,,,,,,,,,,x,,,,,,,,,,,
a22,https://www.tiktok.com/@redbullmotorsports/video/7026396212710493445?is_copy_url=1&is_from_webapp=v1&q=driften&t=1659086327165,auto,,,,,,x,,,,,,,,,,,,,,,,,,,,,,,,,,,,,,,,,,,,,,,,,,,,,,x,,,,,,,,,,,
a23,https://www.tiktok.com/@radcars/video/7054251270177197359?is_copy_url=1&is_from_webapp=v1&q=audi&t=1659086401436,auto,,,,,,x,,,,,,,,,,,,,,,,,,,,,,,,,,,,,,,,,,,,,,,,,,,,,,,,,,,,,,,,,
a24,https://www.tiktok.com/@forrestsautoreviews/video/7119130236389707051?is_copy_url=1&is_from_webapp=v1&q=audi&t=1659086401436,auto,,,,,,x,,,,,,,,,,,,,,,,,,,,,,,,,,,,,x,,,,,,,,,,,,,,,,x,,,,,,,,x,,,,
a25,https://www.tiktok.com/@oscarbrito/video/7027982813680897286?is_copy_url=1&is_from_webapp=v1&q=Lamborghini&t=1659086450412,auto,,,,,,x,,,,,,,,,,,,,,,,,,,,,,,,,,,,,,,,,,,,,,,,,,,,,,,,,,,,,,,,,
a26,https://www.tiktok.com/@noah.bowman/video/7120722592167808302?is_copy_url=1&is_from_webapp=v1&q=harley%20davidson&t=1659086472705,auto,,,,,,,,,,,,,,,,,,,,,,,,,,,,,,,,,,,,,x,,,,,,,,,,,,,,x,,,,,,,,,,,x,
b1,https://www.tiktok.com/@larissa.appius/video/7104295411325635845?is_copy_url=1&is_from_webapp=v1&q=fashion&t=1659271848014,beauty,,,,,,,,,,,,,,,,,,,,,,,,,,,,,,x,,,,,,,,,,,,,,,,,,,,,,,,,,,,,,,,x,
b2,https://www.tiktok.com/@mmivia/video/7061936499343854874?is_copy_url=1&is_from_webapp=v1,beauty,,,,,,,,,,,,,,,,,x,,,,,,,,,,,,,x,,,,,,,,,,,,,,,,,,,,,,,,,x,,,,x,,,x,
b3,https://www.tiktok.com/@nickaufmann/video/6991533915236207873?is_copy_url=1&is_from_webapp=v1&q=carodaur&t=1659272003394,beauty,,,,,,,,,,,,,,,,,,,,,,,,,,,,,,x,,,,,x,,,,,,,,,,,,,,,,,,,,,x,,,,,,x,
b4,https://www.tiktok.com/@carodaur/video/7117652049914858758?is_copy_url=1&is_from_webapp=v1&q=carodaur&t=1659272003394,beauty,,,,,,,,,,,,,,,,,,,x,,,,,,,,,,,x,,,,,,,,,,x,,,,,,,,,,,,,,,x,,,,,,,x,
b5,https://www.tiktok.com/@lisaandlena/video/7096408236034706693?is_copy_url=1&is_from_webapp=v1,beauty,,,,,,,,,,,,,,,,,,,,,,,,,,,,,,x,,,,,,,,,,,,,,,,,,,,,,,,,x,,,x,,,,x,
b6,https://www.tiktok.com/@lisaandlena/video/7096778290488184070?is_copy_url=1&is_from_webapp=v1,beauty,,,,,,,,,,,,,,,,,,,,,,,,,,,,,,x,,,,,,,,,,,,,,,,,,,,,,,,,x,,,x,,,,x,
b7,https://www.tiktok.com/@gladys_romeron/video/7119941468336295174?is_copy_url=1&is_from_webapp=v1&lang=en&q=grwm&t=1659272587062,beauty,,,,,,,,,,,,,,,,,,,,,,,,,,,,,,x,,,,,,,,,,,,,,,,,,,,,,,,,,,,x,,,,x,
b8,https://www.tiktok.com/@laurasaponara/video/7095922239194893574?is_copy_url=1&is_from_webapp=v1&lang=en&q=grwm&t=1659272587062,beauty,,,,,,,,,,,,,,,,,,,,,,,,,,,,,,x,,,x,,,,,,,,,,,,,,,,,,,,,,x,,,,,,,x,
b9,https://www.tiktok.com/@carlarockmore/video/7116998049091702062?is_copy_url=1&is_from_webapp=v1&lang=en,beauty,,,,,,,,,,,,,,,,,,,,,,,,,,,,,,x,,,,,,,,,,,,,,,,,,,,,x,,,,,,,,x,,,x,
b10,https://www.tiktok.com/@bobrownn/video/7104626888663993606?is_copy_url=1&is_from_webapp=v1&lang=en,beauty,,,,,,,,,,,,,,,,,,,,,,,,,,,,,,x,,,,,,,,,,,,,,,,,,,,,,,,,x,,,x,x,,,x,
b11,https://www.tiktok.com/@alittledreamboutique/video/6979241598471130374?is_copy_url=1&is_from_webapp=v1&lang=en,beauty,,,,,,,,,,,,,,,,,,,,,,,,,,,,,,,,,,,,,,,,,,,,,x,,,,,,x,,,,,,,,x,,,x,
b12,https://www.tiktok.com/@devanondeck/video/7008165668201696518?is_copy_url=1&is_from_webapp=v1&lang=en&q=fashion%20man&t=1659276631234,beauty,,,,,,,,,,,,,,,,,,,,,,,,,,,,,,x,,,,,x,,,,,,,,,,,,,,,,,,,,,x,,,,,,,
b13,https://www.tiktok.com/@treybryantstyle/video/7081761570367360302?is_copy_url=1&is_from_webapp=v1&lang=en&q=fashion%20man&t=1659276631234,beauty,,,,,,,,,,,,,,,,,,,,,,,,,,,,,,x,,,,,x,,,,,,,,,,,,,,,,,,,,x,x,,x,x,,,,
b14,https://www.tiktok.com/@miks_tiks/video/7120446833872194859?is_copy_url=1&is_from_webapp=v1&lang=en&q=fashiontrend&t=1659276707924,beauty,,,,,,,,,,,,,,,,,,,,,,,,,,,,,,x,,,,,,,,,,,,,,,,,,,,,x,,,,x,,,,x,,,x,
b15,https://www.tiktok.com/@nickaufmann/video/7125146170304777473?is_copy_url=1&is_from_webapp=v1&lang=en,beauty,,,,,,,,,,,,,,,,,x,,,,,,,x,,,,,,,,,,,x,,,,,x,,,,,,,,,,,,,,,x,,,x,x,,,,
b16,https://www.tiktok.com/@nickaufmann/video/7123994952698252545?is_copy_url=1&is_from_webapp=v1&lang=en,beauty,,,,,,,,,,,,,,,,,,,,,,,,x,,,,,,,,,,,x,,,,,,,,,,,,,,,,,,,,,,,,x,,,,
b17,https://www.tiktok.com/@daniellemarcan/video/7087641604219047174?is_copy_url=1&is_from_webapp=v1&lang=en&q=beauty&t=1659277297744,beauty,,,,,,,,,,,,,,,,,,,,,,,,,,,,,,,,,x,,,,,,,,,,,,,,,,,,x,,,,x,,,,x,,,x,
b18,https://www.tiktok.com/@daniellemarcan/video/7088728703483563269?is_copy_url=1&is_from_webapp=v1&lang=en&q=makeup&t=1659277456633,beauty,,,,,,,,,,,,,,,x,,,,,,,,,,,,,,,,,,x,,,,,,,,,,,,,,,,,,,,,,x,,,,x,,,x,
b19,https://www.tiktok.com/@stxph.h/video/7089150306130398465?is_copy_url=1&is_from_webapp=v1&lang=en&q=makeup&t=1659277456633,beauty,,,,,,,,,,,,,,,,,,,,,,,,,,,,,,,,,x,,,,,,,,,,,,,,,,,,x,,,,x,,,,x,,,x,
b20,https://www.tiktok.com/@quintymirjam/video/7091298267312491782?is_copy_url=1&is_from_webapp=v1&lang=en&q=hair&t=1659277683048,beauty,,,,,,,,,,,,,,,,,,,,,,,,x,,,,,,,,,,,,,,,,x,,,,,,,,,,,,,,,x,,,,x,,,x,
b21,https://www.tiktok.com/@zzhilton/video/7114744267624615214?is_copy_url=1&is_from_webapp=v1&lang=en&q=hair&t=1659277683048,beauty,,,,,,,,,,,,,,,,,,,,,,,,x,,,,,,,,,,,,,,,,,,,,,,,,,,,,,,,x,,,,x,,,x,
b22,https://www.tiktok.com/@zzhilton/video/7114744267624615214?is_copy_url=1&is_from_webapp=v1&lang=en&q=hair&t=1659277683048,beauty,,,,,,,,,,,,,,,,,,,,,,,,x,,,,,,,,,,,,,,,,,,,,,,,,,,,,,,,,,,,,,,,
b23,https://www.tiktok.com/@thepamperedskin_/video/7085624110381862171?is_copy_url=1&is_from_webapp=v1&lang=en&q=hairstyles&t=1659277864122,beauty,,,,,,,,,,,,,,,,,,,,,,,,x,,,,,,,,,,,,,,,,,,,,,,,,,,,,,,,x,,,,x,,,x,
b24,https://www.tiktok.com/@lightslacquer/video/7084702405417323822?is_copy_url=1&is_from_webapp=v1&q=nail&t=1659420603381,beauty,,,,,,,,,,,,,,,,,,,,,,,,,,,,,,,,,,,,,,,x,x,,,,,,,,,,,,,,,x,,,,x,,,x,
b25,https://www.tiktok.com/@lightslacquer/video/7121806639715388714?is_copy_url=1&is_from_webapp=v1&q=nails%20french&t=1659420701401,beauty,,,,,,,,,,,,,,,,,,,,,,,,,,,,,,,,,,,,,,,x,x,,,,,,,,,,,,,,,x,,,,x,,,x,
b26,https://www.tiktok.com/@stxph.h/video/7069449129180613890?is_copy_url=1&is_from_webapp=v1&q=hairstylle&t=1659420783770,beauty,,,,,,,,,,,,,,,,,,,,,,,,x,,,,,,,,,,,,,,,,,,,,,,,,,,,,,,,x,,,,x,,,x,
b27,https://www.tiktok.com/@tanyasv_/video/7110186644392758534?is_copy_url=1&is_from_webapp=v1&q=hairstylle&t=1659420783770,beauty,,,,,,,,,,,,,,,,,,,,,,,,x,,,,,,,,,,,,,,,,,,,,,,,,,,,,,,,x,,,,x,,,x,
b28,https://www.tiktok.com/@michellekhxn/video/7088442266444041518?is_copy_url=1&is_from_webapp=v1,beauty,,,,,,,,,,,,,,,,,,,,,,,,,,,,,,,,,,,,,,,x,x,,,,,,,,,,,,,,,x,,,,x,,,x,
b29,https://www.tiktok.com/@elliotforbes/video/7004949177427971334?is_copy_url=1&is_from_webapp=v1&q=oddly%20satisfying&t=1659606475382,beauty,x,,,,,,,,,,,,,,,,,,,,,,,x,,,,,,,,,,,x,,,,,,,,,,,,,,,,,,,,,,,,,,,,
c1,https://www.tiktok.com/@kisonkee/video/6753718966637677830?is_copy_url=1&is_from_webapp=v1,comedy,,,,,,,,,,,,,,,,,,x,,,,,,,,,,,,,,,,,x,,,,,,,,,,,,,,,,x,,,,,,,,,,,,
c2,https://www.tiktok.com/@xtheromanempire/video/7017118510044155142?is_copy_url=1&is_from_webapp=v1,comedy,,,,,,,,,,,,,,,,,,x,,,,,,,,,,,,,,,,,x,,,,,,,,,,,,,,,,x,,,,x,,,,,,,,
c3,https://www.tiktok.com/@hunainmalik22/video/6829876949532396806?is_copy_url=1&is_from_webapp=v1,comedy,,,,,,,,,,,,,,x,,,,x,,,,,,,,,,,,,,,,,,,,x,,,,,,,,,,,,,x,,,,,,,,,,,x,
c4,https://www.tiktok.com/@moist_carpetva/video/7070507410154163498?is_copy_url=1&is_from_webapp=v1,comedy,,,,,,,,,,,,,,,,,,x,,,x,,,,,,,,,,,,,,,,,,,,,,,,,x,,x,,,,,,,,,,,,,,x,
c5,https://www.tiktok.com/@halyhaha2/video/7020056546709114117?is_copy_url=1&is_from_webapp=v1,comedy,,x,,,,,,,,,,,,,,,,x,,,,,,,,,,,,,,,,,,,,,,,,,,,,,,,,,,,,,,,,,,,,,
c6,https://www.tiktok.com/@okay_really_official/video/7060785845707607301?is_copy_url=1&is_from_webapp=v1,comedy,,x,,,,,,,,,,,,,,,,x,,,,,,,,,,,,,,,,,,,,,,,,,,,,,,,,,,,,,,,,,,,,,
c7,https://www.tiktok.com/@samuelgrubbs/video/6820840648917159174?is_copy_url=1&is_from_webapp=v1,comedy,,,,,,,,,,,,,,,,,,x,,,x,,,,,,,,,,,,,,,,,,,,,,,,,x,,,,,,,,,,,,,,,,,x
c8,https://www.tiktok.com/@littel_johnny/video/6984893201412820229?is_copy_url=1&is_from_webapp=v1,comedy,,,,,,,,,,,,,,x,,,,x,,,,,,,,,,,,,,,,,x,,,,,,,,,,,x,,,,,,,,,,,,,,,,,
c9,https://www.tiktok.com/@shammiltd/video/7040763278565461250?is_copy_url=1&is_from_webapp=v1,comedy,,,,,,,,,,,,,,,,,,x,,,x,,,,,,,,,,,,,,x,,,,,,,,,,,,,,,,,,,,,,,,,,,,
c10,https://www.tiktok.com/@samuelgrubbs/video/6921150210949336326?is_copy_url=1&is_from_webapp=v1,comedy,,,,,,,,,,,,,,,,,,x,,,x,,,,,,,,,,,,,,,,,,,,,,,,,x,,,,,,,,,,,,,,,,,x
c11,https://www.tiktok.com/@ox_zung/video/6900572635319602433?is_copy_url=1&is_from_webapp=v1,comedy,,,,,,,,,,,,,,,,x,,x,,,,,,,,,,,,,,,,,x,,,,,,,,,,,,,,,,,,,,,,,,,,,,
c12,https://www.tiktok.com/@gianni_palumbo/video/7075079729925197098?is_copy_url=1&is_from_webapp=v1&lang=en&q=magic&t=1658670685485,comedy,,,,,,,,,,,,,,,,,,x,,,,,,,,,,,,,,x,,,x,,,,,,,,,,,,,,,,x,,,x,,,,,,,,,
c13,https://www.tiktok.com/@realjustinwillman/video/7119954853136518446?is_copy_url=1&is_from_webapp=v1,comedy,,,,,,,,,,,,,,,,,,x,,,,,,,,,,,,,,x,,,x,,,,,,,,,,,,,,,,x,,,x,x,,,,,,,,
c14,https://www.tiktok.com/@realjustinwillman/video/6839755796289473797?is_copy_url=1&is_from_webapp=v1,comedy,,,,,,,,,,,,,,,,,,x,,,,,,,,,,,,,,x,,,x,,,,,,,,,,,,,,,,x,,,x,,,,,,,,,
c15,https://www.tiktok.com/@seandoesmagic/video/6801598988207312133?is_copy_url=1&is_from_webapp=v1,comedy,,,,,,,,,,,,,,,,,,x,,,,,,,,,,,,,,x,,,x,,,,,,,,,,,,,,,,,,,,,,,,,,,,
c16,https://www.tiktok.com/@khaby.lame/video/6979606181463526661?is_copy_url=1&is_from_webapp=v1,comedy,,,,,,,,,,,,,,,,,,x,,,,,,,,,,,,,,,,,x,,,,,,,,,,,,,,,,x,,,,,,,,x,,,,
c17,https://www.tiktok.com/@khaby.lame/video/6999284772195421445?is_copy_url=1&is_from_webapp=v1&q=khaby%20lame&t=1659426207169,comedy,,,,,,,,,,,,,,,,,,x,,,,,,,,,,,,,,,,,x,,,,,,,,,,,,,,,,,,,,,,,,x,,,x,
diy1,https://www.tiktok.com/@getcrockd/video/7083964467939183874?is_copy_url=1&is_from_webapp=v1&q=DIY&t=1659160825951,diy,,,,,,,,,x,,,,,,,,,,,,,,,,,,,,,,,,,,,,,,,,,,,,,,,,,,,,,,,,,,,,,,
diy2,https://www.tiktok.com/@happyhome_withsara79/video/7094322616432954670?is_copy_url=1&is_from_webapp=v1&q=DIY&t=1659160825951,diy,,,,,,,,,x,,,,,,,,,,,,,,,,,,,,,,,,,,,,,,,,,,,,,,,,,,x,,,,,,,,,,,x,
diy3,https://www.tiktok.com/@o.ojihye/video/7096669640016792833?is_copy_url=1&is_from_webapp=v1&q=DIY&t=1659160825951,diy,,,,,,,,,,,,,,,,,,,,,,,,,,,,,,,,,,,,,,,,,,,,,x,,,,,,x,,,,x,,,,,,,x,
diy4,https://www.tiktok.com/@the_avantgarde/video/7122529931019734318?is_copy_url=1&is_from_webapp=v1,diy,,,,,,,,,,,,,,,,,,,,,,,,,x,,,,,,,,,,,,,,,,,,,,,,,,,,,,,,x,,,x,,,,x,
diy5,https://www.tiktok.com/@foxhousewoodwork/video/7104441171824463150?is_copy_url=1&is_from_webapp=v1&q=DIY&t=1659160825951,diy,x,,,,,,,,x,,,,,,,,,,,,,,,,,,,,,,,,,,,,,,,,,,,,,,,,,,,,,,,,,,,,,,
diy6,https://www.tiktok.com/@cardsbygretch/video/7064286670509739311?is_copy_url=1&is_from_webapp=v1,diy,,,,x,,,,,,,,,,,,,,,,,,,,,,,,,,,,,,,,,,,,,,,,,,,,,,,,,,,,,,,,,,,
diy7,https://www.tiktok.com/@planningjani/video/6877748596033195265?is_copy_url=1&is_from_webapp=v1,diy,,,,x,,,,,,,,,,,,,,,,,,,,,,,,,,,,,,,,,,,,,,,,,,,,,,,,,,,,,,,,,,x,
diy8,https://www.tiktok.com/@cardsbygretch/video/7056486315969252655?is_copy_url=1&is_from_webapp=v1,diy,,,,x,,,,,,,,,,,,,,,,,,,,,,,,,,,,,,,,,,,,,,,,,,,,,,,,,,,,,,,,,,,
diy9,https://www.tiktok.com/@pilarnavva/video/6962981136549072133?is_copy_url=1&is_from_webapp=v1&q=necklace%20tutorial&t=1659161525402,diy,,,,,,,,,,,,,,,,,,,,,,,,,,,,,,,,,,,,,,,,,,,,,x,,,,,,,,,,,,,,,,,x,
diy10,https://www.tiktok.com/@filmsbyida/video/6955119859730500869?is_copy_url=1&is_from_webapp=v1&q=necklace%20tutorial&t=1659161525402,diy,,,,,,,,,,,,,,,,,,,,,,,,,,,,,,,,,,,,,,,,,,,,,x,,,,,,x,,,,,,,,x,,,x,
diy11,https://www.tiktok.com/@maelysdimaio/video/6987315656886734086?is_copy_url=1&is_from_webapp=v1&q=necklace%20tutorial&t=1659161525402,diy,,,,,,,,,,,,,,,,,,,,,,,,,,,,,,,,,,,,,,,,,,,,,x,,,,,,,,,,,,,,,,,x,
diy12,https://www.tiktok.com/@racheloonk/video/6938798267157318918?is_copy_url=1&is_from_webapp=v1&q=ring%20tutorial&t=1659161716191,diy,,,,,,,,,,,,,,,,,,,,,,,,,,,,,,,,,,,,,,,,,,,,,x,,,,,,,,,,,,,,x,,,x,
diy13,https://www.tiktok.com/@portable_magic/video/7103172880577383685?is_copy_url=1&is_from_webapp=v1&q=ring%20tutorial&t=1659161716191,diy,,,,,,,,,,,,,,,,,,,,,,,,,,,,,,,,,,,,,,,,,,,,,x,,,,,,,,,,,,,,x,,,x,
diy14,https://www.tiktok.com/@nataliedoef/video/7120335765682294022?is_copy_url=1&is_from_webapp=v1&q=diy%20home&t=1659161835571,diy,,,,,,,,,,,,,,,,,,,,,,,,,x,,,,,,,,,,,,,,,,,,,,,,,,,,,,,,,,,,,,,x,
diy15,https://www.tiktok.com/@lizlovery/video/7098361190023220522?is_copy_url=1&is_from_webapp=v1&q=diy%20home&t=1659161835571,diy,,,,,,,,,,,,,,,,,,,,,,,,,x,,,,,,,,,,,,,,,x,,,,,,,,,,,,,,,x,,,x,,,,,
diy16,https://www.tiktok.com/@emilyrayna/video/7113206324019776814?is_copy_url=1&is_from_webapp=v1&q=diy%20home&t=1659161835571,diy,,,,,,,,,x,,,,,,,,,,,,,,x,,,,,,,,,,,,,,,,,,,,,,,,,,,,x,,,,,,,,,,,x,
diy17,https://www.tiktok.com/@katekerdiinteriors/video/6988539664403582210?is_copy_url=1&is_from_webapp=v1,diy,,,,,,,,,,,,,,,,,,,,,,,,,x,,,,,,,,,,,,,,,x,,,,,,,,,,,,,,,,,,,x,,,x,
diy18,https://www.tiktok.com/@the_avantgarde/video/7122134754522041643?is_copy_url=1&is_from_webapp=v1,diy,,,,,,,,,,,,,,,,,,,,,,,,,x,,,,,,,,,,,,,,,,,,,,,,,,,,,,,,,,,,x,,,x,
diy19,https://www.tiktok.com/@thediyist/video/7123861899560668421?is_copy_url=1&is_from_webapp=v1,diy,,,,,,,,,,,,,,,,,,,,,,,,,x,,,,,,,,,,,,,,,,,,,,,,,,,,,,,,x,,,,,,,,
diy20,https://www.tiktok.com/@thediyist/video/7122441981195734277?is_copy_url=1&is_from_webapp=v1,diy,,,,,,,,,,,,,,,,,,,,,,,,,x,,,,,,,,,,,,,,,x,,,,,,,,,,,,,,,x,,,,,,,,
diy21,https://www.tiktok.com/@jarrisan/video/7103119103782620422?is_copy_url=1&is_from_webapp=v1&q=craft&t=1659163100475,diy,,,,x,,,,,,,,,,,,,,,,,,,,,,,,,,,,,,,,,,,,,,,,,,,,,,,,,,,,,,,,,,,
diy22,https://www.tiktok.com/@getcrockd/video/7119614576391458049?is_copy_url=1&is_from_webapp=v1,diy,,,,,,,,,x,,,,,,,,,,,,,,,,,,,,,,,,,,,,,,,,,,,,,,,,,,,,,,,,,,,,,,
diy23,https://www.tiktok.com/@getcrockd/video/7117349483511385346?is_copy_url=1&is_from_webapp=v1,diy,,,,x,,,,,,,,,,,,,,,,,,,,,,,,,,,,,,,,,,,,,,,,,x,,,,,,,,,,,,,,,,,x,
diy24,https://www.tiktok.com/@forest.ceramic.co/video/6980521760026283270?is_copy_url=1&is_from_webapp=v1,diy,x,,,x,,,,,,,,,,,,,,,,,,,,,,,,,x,,,,,,,,,,,,,,,,,,,,,,,,,,,,,,,,,,
diy25,https://www.tiktok.com/@potterytiktokworld/video/6854951029956463874?is_copy_url=1&is_from_webapp=v1,diy,,,,,,,,,,,,,,,,,,,,,,,,,,,,,x,,,,,,,,,,,,,,,,,,,,,,,,,,,,,,,,,,
diy26,https://www.tiktok.com/@weigleceramics/video/7082762922782379306?is_copy_url=1&is_from_webapp=v1,diy,,,,,,,,,,,,,,,,,,,,,,,,,,,,,x,,,,,,x,,,,,,,,,,,,,,,,,,,,,,,,,,,,
diy27,https://www.tiktok.com/@nevermindlisa/video/6913179934462725377?is_copy_url=1&is_from_webapp=v1,diy,,,,,,,,,,,,,,,,,,,,,,,,,,,,,,,,,,,,,,,,,,,,,,,,,,,,,,,,,,,,,,,
diy28,https://www.tiktok.com/@accordingtomandy/video/7108080886796602667?is_copy_url=1&is_from_webapp=v1&q=before%20after%20diy&t=1659163986521,diy,,,,x,,,,,,,,,,,,,,,,,,,,,,,,,,,,,,,,,,,,,,,,,,,,,,,,,,,,,,,,,,x,
diy29,https://www.tiktok.com/@artsysundays/video/6917001333400685830?is_copy_url=1&is_from_webapp=v1,diy,,,,,,,,,x,,,,x,,,,,,,,,,,,,,,,,,,,,,,,,,,,,,,,,,,,,,,,,,,,,,,,,,
diy30,https://www.tiktok.com/@nicolelarsongrows/video/6909988135581633797?is_copy_url=1&is_from_webapp=v1&q=mACRAME%20PLANTS&t=1659164409810,diy,,,,,,,,,x,,,,x,,,,,,,,,,,,,,,,,,,,,,,,,,,,,,,,,,,,,,x,,,,,,,,x,,,x,
diy31,https://www.tiktok.com/@er.embroidery/video/7084764738214776066?is_copy_url=1&is_from_webapp=v1,diy,,,,,,,,,x,,,,x,,,,,,,,,,,,,,,,,,,,,,,,,,,,,,,,,,,,,,,,,,,,,,,,,,
diy32,https://www.tiktok.com/@artbykaraleez/video/6942960562196221189?is_copy_url=1&is_from_webapp=v1,diy,,,,,,,,,,,,,x,,,,,,,,,,,,,,,,,x,,,,,,,,,,x,,,,,,,,,,,,,,,,,,,,,,x,
diy33,https://www.tiktok.com/@lisaandlena/video/7104993896911883526?is_copy_url=1&is_from_webapp=v1,diy,,,,,,,,,,,,,x,,,,,,,,,,,,,,,,,x,,,,,,,,,,,,,,,,,,,,,,,,,,,,,,,,x,
diy34,https://www.tiktok.com/@vinillna/video/7078599781580393734?is_copy_url=1&is_from_webapp=v1&q=painting&t=1659170414536,diy,,,,,,,,,x,,,,,,,,,,,,,,,,,,,,,,,,,,,,,,,,,,,,,,,,,,,,,,,,,,,,,x,
g1,https://www.tiktok.com/@rickster2344/video/7122106538134703366?is_copy_url=1&is_from_webapp=v1&q=games&t=1659166061479,games,,,,,,,,,,,,,,,,,,,,,,,,,,,,,,,,,,,x,,,,,,,,,,,,,,,,x,,,,x,,,,,,,,
g2,https://www.tiktok.com/@weeklycitizen_/video/7107172471857614085?is_copy_url=1&is_from_webapp=v1,games,,,,,,,,,,,,,,,,,,,,,,,,,,,,,,,,,,,,,,,,x,,,,,,,,,,,,,,,x,,,,,,,,
g3,https://www.tiktok.com/@pigpongyt/video/7058535245972245807?is_copy_url=1&is_from_webapp=v1,games,,,,,,,,,,,,,,,,,,,,,,,,,,,,,,,,,,,,x,,,,,,,,,,,,,,,,,,,x,,,,x,,,,
g4,https://www.tiktok.com/@ingremgametech/video/6928362565030497542?is_copy_url=1&is_from_webapp=v1,games,,,,,,,,,,,,,,,,,,,,x,x,,,,,,,,,,,,,,x,,,,,,,,,,,,,,,,,,,,,,,,,,,,
g5,https://www.tiktok.com/@lstoast/video/6996352484868443397?is_copy_url=1&is_from_webapp=v1,games,,,,,,,,,,,,,,,,,,,,,,,,,,,,,,,,,,,x,,,,,,,,,,,,,,,,,,,,,,,,,x,,,
g6,https://www.tiktok.com/@shearsyvr/video/6965809300153355525?is_copy_url=1&is_from_webapp=v1,games,,,,,,,,,,,,,,,,,,,,,,,,,,,,,,,,,,,,,,,,,,,,,,,x,,,,,,,,,,,,,,,,
g7,https://www.tiktok.com/@mully/video/6809945626663521541?is_copy_url=1&is_from_webapp=v1,games,,,,,,,,,,,,,,,,,,,x,,,,,,,,,,,,,,,,x,,,,,,,,,,,,,,,,x,,,,x,,,,,x,,,
g8,https://www.tiktok.com/@houseofhighlights/video/7111119220678790446?is_copy_url=1&is_from_webapp=v1,games,,,,,,,,,,,,,,,,,,,x,,x,,,,,,,,,,,,,,x,,,,,,,,,,,,,,,,,,,,x,,,,,x,,,
g9,https://www.tiktok.com/@gibz_the_monke/video/7085536151183887662?is_copy_url=1&is_from_webapp=v1,games,,,,,,,,,,,,,,x,,,,,,,,,,,,,,,,,,,,,x,,,,,,,,,,,,,,,,x,,,,,,,,,x,,,
g10,https://www.tiktok.com/@achzach/video/7121326371145600298?is_copy_url=1&is_from_webapp=v1&q=minecraft&t=1659166546661,games,,,,,,,,,,,,,,,,,,,,,,,,,,,,,,,,,,,,x,,,,,,,,,,,,,,,,,,,x,,,,,,,,
g11,https://www.tiktok.com/@alexpixey/video/7065636895790861569?is_copy_url=1&is_from_webapp=v1&q=minecraft&t=1659166546661,games,,,,,,,,,,,,,,,,,,,,,,,,,,,,,,,,,,,,x,,,,,,,,,,,,,,,,,,,,,,,,,,,
g12,https://www.tiktok.com/@brewsterisalive/video/7111790058738388266?is_copy_url=1&is_from_webapp=v1&q=phone%20game&t=1659166715413,games,,,,,,,,,,,,,,,,,,,,,,,,,,,,,,,,,,,x,,,,,,,,,,,,,,,,x,,,,x,,,,x,,,,
g13,https://www.tiktok.com/@oldschool_35/video/7032036403500354821?is_copy_url=1&is_from_webapp=v1&q=snake%20game&t=1659166924160,games,,,,,,,,,,,,,,,,,,,,,,,,,,,,,,,,,,,,,,,,,x,,,,,,,,,,,,,,,,,,,,,,
g14,https://www.tiktok.com/@nadadenada_oficial/video/7093633240161848581?is_copy_url=1&is_from_webapp=v1&q=tetris&t=1659166941535,games,,,,,,,,,,,,,,,,,,,,,,,,,,,,,,,,,,,x,,,,,,x,,,,,,,,,,,,,,,,,,,,,,
g15,https://www.tiktok.com/@hiririririririri/video/6884929581367807233?is_copy_url=1&is_from_webapp=v1,games,,,,,,,,,,,,,,,,,,,x,,x,,,,,,,,,,,,,,,,,,,,,,,,,,,,,,,,,,,,,,,,,,
g16,https://www.tiktok.com/@girlvrgame/video/6854472649628765446?is_copy_url=1&is_from_webapp=v1,games,,,,,,,,,,,,,,,,,,,,,,,,,,,,,,,,,,,,,,,,,,,,,,,,,,,,,,,,,,,,x,,x,
g17,https://www.tiktok.com/@retrogamingtommy/video/7066114742250671366?is_copy_url=1&is_from_webapp=v1&q=ps5&t=1659167453595,games,,,,,,,,,,,,,,,,,,,,x,,,,,,,,,,,,,,,x,,,,,,,,,,,,,,,,,,,,,,,,,,,,
g18,https://www.tiktok.com/@userseif_/video/6977711296749882630?is_copy_url=1&is_from_webapp=v1,games,,,,,,,,,,,,,,,,,,,x,,,,,,,,,,,,,,,,x,,,,,x,,,,,,,,,,,,,,,,,,,,,,,
g19,https://www.tiktok.com/@sidelogic/video/6950848994658651394?is_copy_url=1&is_from_webapp=v1,games,,,,,,,,,,,,,,,,,,,,,,,,,,,,,,,,,,,x,,,,,,,,,,,,x,,,,,,,,,,,,,,,,
g20,https://www.tiktok.com/@unpacked1/video/7105044278975532293?is_copy_url=1&is_from_webapp=v1&q=gameboy&t=1659167697390,games,,,,,,,,,,,,,,,,,,,,,,,,,,,,,,,,,,,,,,,,,x,,,,,,,,,,,,,,,,,,,,,,
t1,https://www.tiktok.com/@jamesheelss/video/7092330955033267502?is_copy_url=1&is_from_webapp=v1,"tier,comedy",,,,,,,x,,,x,,,,,,,,x,,,,,,,,,,,,,,,,,,,,,,,,x,,,,,,,,,,,,,,,,,,,,,
t2,https://www.tiktok.com/@funny_v.i.p/video/7104636715394043182?is_copy_url=1&is_from_webapp=v1,"tier,comedy",,,,,,,x,,,,,,,,,,,x,,,,,,,,,,,,,,,,,,,,,,,,,,,,,,,,,,,,,,,,,,,,,
t3,https://www.tiktok.com/@melissaksims/video/7098924300501093674?is_copy_url=1&is_from_webapp=v1&q=lol&t=1659021467952,"tier,comedy",,x,,,,,,x,,x,,,,,,,,x,,,,,,,,,,,,,,,,,,,,,,,,,,,,,,,,,,,,,,,,,,,,,
t4,https://www.tiktok.com/@mouse11121/video/7084252803060796714?is_copy_url=1&is_from_webapp=v1&q=lol&t=1659021467952,"tier,comedy",,,,,,,,,,,,,,,,,,x,,,,,,,,,,,,,,,,,,,,,,,,x,,,,,,,,,,,,,,,,,,,,,
t5,https://www.tiktok.com/@funnyvids2k21/video/6915785138202758401?is_copy_url=1&is_from_webapp=v1&lang=en,"tier,comedy",,,,,,,,,,x,,,,,,,,x,,,,,,,,,,,,,,,,,,,,,,,,,,,,,,,,,x,,,,,,,,,,,,
t6,https://www.tiktok.com/@funny_v.i.p/video/7077904540791573806?is_copy_url=1&is_from_webapp=v1&q=pet&t=1659077256239,"tier,comedy",,,,,,,x,,,,,,,,,,,x,,,,,,,,,,,,,,,,,,,,,,,,x,,,,,,,,,,,,,,,,,,,,,
t7,https://www.tiktok.com/@puppyy520/video/7065127042836106543?is_copy_url=1&is_from_webapp=v1&q=pet&t=1659077256239,"tier,comedy",,,,,x,,,,,x,,,,,,,,x,,,,,,,,,,,,,,,,,,,,,,,,,,,,,,,,,,,,,,,,,,,,,
t8,https://www.tiktok.com/@ducks_in_space/video/7096913863148440874?is_copy_url=1&is_from_webapp=v1&q=pet&t=1659077256239,tier,,x,,,x,,,x,,,,,,,,,,x,,,,,,,,,,,,,,,,,,,,,,,,x,,,,,,,,,,,,,,,,,,,,,
t9,https://www.tiktok.com/@lanzk80/video/7086283973344775470?is_copy_url=1&is_from_webapp=v1&q=pet&t=1659077256239,tier,,x,,,,,,x,,x,,,,,,,,x,,,,,,,,,,,,,,,,,,,,,,,,,,,,,,,,,,,,,,,,,,,,,
t10,https://www.tiktok.com/@amazing_partner/video/7083298762268921093?is_copy_url=1&is_from_webapp=v1&q=pet&t=1659077256239,tier,,,,,,,x,x,,,,,,,,,,x,,,,,,,,,,,,,,,,,,,,,,,,,,,,,,,,,,,,,,,,,,,,,
t11,https://www.tiktok.com/@bianca8916/video/7089261166794476806?is_copy_url=1&is_from_webapp=v1&q=pets&t=1659077511147,tier,,x,,,,,x,x,,,,,,,,,,,,,,,,,,,,,,,,,,,,,,,,,,,,,,,,,,,,,,,,,,,,,,,
t12,https://www.tiktok.com/@pubity/video/7086039788729535749?is_copy_url=1&is_from_webapp=v1&q=pets&t=1659077511147,tier,,,,,,,,,,,,,,,,,,x,,,,,,,,,,,,,,,,,,,,,,,,x,,,,,,,,,x,,,,x,,,,,,,,
t13,https://www.tiktok.com/@football_editz671/video/7094874806100774150?is_copy_url=1&is_from_webapp=v1&q=pets&t=1659077511147,tier,,,,,,,,x,,x,,,,,,,,,,,,,,,,,,,,,,,,,,,,,,,,,,,,,,,,,,,,,x,,,,,,,,
t14,https://www.tiktok.com/@pet..supplies/video/7086143608725785902?is_copy_url=1&is_from_webapp=v1&q=pets&t=1659077511147,tier,,,,,,,x,x,,,,,,,,,,,,,,,,,,,,,,,,,,,,,,,,,,,,,,,,,,,,,,,,,,,,,,,
t15,https://www.tiktok.com/@jamesisbeasty/video/7069815599886552366?is_copy_url=1&is_from_webapp=v1&q=pets&t=1659077511147,tier,,,,,,,x,,,,,,,,,,,x,,,,,,,,,,,,,,,,,,,,,,,,,,,,,,,,,,,,,x,,,,,,,,
t16,https://www.tiktok.com/@chinpals/video/7112470163643010347?is_copy_url=1&is_from_webapp=v1&q=pets&t=1659077511147,tier,,,,,,,,x,,,,,,,,,,,,,,,,,,,,,,,,,,,,,,,,,,x,,,,,,,,,,,,,,,,,,,,,
t17,https://www.tiktok.com/@gelsey59/video/7075266056557808939?is_copy_url=1&is_from_webapp=v1&q=pets&t=1659077511147,tier,,,,,x,,x,x,,,,,,,,,,x,,,,,,,,,,,,,,,,,,,,,,,,,,,,,,,,,,,,,,,,,,,,,
t18,https://www.tiktok.com/@twiniboo/video/7013145735747079429?is_copy_url=1&is_from_webapp=v1,tier,,,,,x,,x,x,,,,,,,,,,,,,,,,,,,,,,,,,,,,,,,,,,,,,,,,,,,,,,,,,,,,,,,
t19,https://www.tiktok.com/@earringuk/video/7068910006690712837?is_copy_url=1&is_from_webapp=v1,tier,,,,,,,x,,,,,,,,,,,,,,,,,,,,,,,,,,,,x,,,,,,,,,,,,,,,,,,,,,,,,x,,,,
t20,https://www.tiktok.com/@whataboutbunny/video/6838975376509734149?is_copy_url=1&is_from_webapp=v1,tier,,,,,,,,,,x,,,,,,,,,,,,,,,,,,,,,,,,,,,,,,,,,,,,,,,,,x,,,,,,,,x,,,x,
t21,https://www.tiktok.com/@hey.hayleyy/video/6804921505483361542?is_copy_url=1&is_from_webapp=v1,tier,,,,,,,,x,,x,,,,,,,,x,,,,,,,,,,,,,,,,,,,,,,,,,,,,,,,,,x,,,,,,,,,,,,
t22,https://www.tiktok.com/@cheeto_fluff/video/7079216632366665006?is_copy_url=1&is_from_webapp=v1,tier,,,,,,,x,x,,,,,,,,,,,,,,,,,,,,,,,,,,,,,,,,,,,,,,,,,,,,,,,,,,,,,,,
t23,https://www.tiktok.com/@princessemishka/video/6896446263311568130?is_copy_url=1&is_from_webapp=v1,tier,,,,,,,,x,,x,,,,,,,,x,,,,,,,,,,,,,,,,,,,,,,,,,,,,,,,,,,,,,,,,,x,,,,
t24,https://www.tiktok.com/@honeycutepet/video/7032659446199274757?is_copy_url=1&is_from_webapp=v1,tier,,x,,,,,x,x,,,,,,,,,,x,,,,,,,,,,,,,,,,,,,,,,,,,,,,,,,,,x,,,,,,,,,,,,
t25,https://www.tiktok.com/@cutekittyclub/video/7088306512308866350?is_copy_url=1&is_from_webapp=v1,tier,,,,,,,x,,,,,,,,,,,x,,,,,,,,,,,,,,,,,,,,,,,,,,,,,,,,,x,,,,,,,,,,,,
t26,https://www.tiktok.com/@funimalvids/video/7073504082312318213?is_copy_url=1&is_from_webapp=v1,tier,,,,,,,x,,,,,,,,,,,x,,,,,,,,,,,,,,,,,,,,,,,,,,,,,,,,,x,,,,,,,,,,,,
t27,https://www.tiktok.com/@apolloandfrens/video/7082822655803444522?is_copy_url=1&is_from_webapp=v1,tier,,,,,,,,,,,,,,,,,,,,,,,,,,,,,,,,,,,x,,,,,,,x,,,,,,,,,x,,,,,,,,x,,,,
t28,https://www.tiktok.com/@maupinfarrierco/video/7012988230840732934?is_copy_url=1&is_from_webapp=v1&q=oddly%20satisfying&t=1659606475382,tier,x,,,,,,,,,,,,,,,,,,,,,,,,,,,,,,,,,,,,,,,,,x,,,,,,,,,,,,,,,,,,,,,
k1,https://www.tiktok.com/@zachking/video/7083539560382385454?is_copy_url=1&is_from_webapp=v1,kunst,,,,,,,,,,,,,,,,,,,,,,,,,,,,,,,,x,,,x,,,,,,,,,,,,,,x,,,,,,,,,,,,,,
k2,https://www.tiktok.com/@getcrockd/video/7124392899688533250?is_copy_url=1&is_from_webapp=v1,kunst,,,,,,,,,,,,,,,,,,,,,,,,,,,,,,,,,,,,,,,,,,,,,,,,,x,,,,,,,,,,,,,,
k3,https://www.tiktok.com/@thisartperson/video/7097663110877564166?is_copy_url=1&is_from_webapp=v1&q=art&t=1659170110912,kunst,,,,,,,,,,,,,,,,,,,,,,,,,,,x,,,,,,,,,,,,,,,,,,,,,,,,x,,,,,,,,,,,x,
k4,https://www.tiktok.com/@tylerjburke/video/7103970425910185259?is_copy_url=1&is_from_webapp=v1&q=art&t=1659170110912,kunst,,,,,,,,,,,,,,,,,,,,,,,,,,,x,,,,,,,,x,,,,,,,,,,,,,,,,,,,,,,,,,,,,
k5,https://www.tiktok.com/@slim_drawk/video/7082760366811270406?is_copy_url=1&is_from_webapp=v1&q=art&t=1659170110912,kunst,,,,,,,,,,,,,,,,,,,,,,,,,,,x,,,,,,,,x,,,,,,,,,,,,,,x,,,,,,x,,,x,,,,,
k6,https://www.tiktok.com/@myarttiktok/video/7101317039503002922?is_copy_url=1&is_from_webapp=v1&q=art&t=1659170110912,kunst,,,,,,,,,,,,,,,,,,,,,,,,,,,,,,,,,,,x,,,,,,,,,,,,,,x,,,,,,,,,,x,,,,
k7,https://www.tiktok.com/@skor.so_art/video/7099024590826900741?is_copy_url=1&is_from_webapp=v1&q=art&t=1659170110912,kunst,,,,,,,,,,,,,,,,,,,,,,,,,,,x,,,,,,,,,,,,,,,,,,,,,,,,,,,,,,,,,,,,
k8,https://www.tiktok.com/@danah__art/video/7100538884584525058?is_copy_url=1&is_from_webapp=v1&q=painting&t=1659170414536,kunst,,,,,,,,,,,,,,,,,,,,,,,,,,,,,,,,,,,,,,,,,,,,,,,,,x,,,,,,,,,,x,,,,
k9,https://www.tiktok.com/@perikotheartist/video/7110649149959245099?is_copy_url=1&is_from_webapp=v1&q=painting&t=1659170414536,kunst,,,,,,,,,,,,,,,,,,,,,,,,,,x,x,,,,,,,,x,,,,,,,,,,,,,,,,,,,,x,,,,,,,,
k10,https://www.tiktok.com/@yazziiecat/video/7082413060023110958?is_copy_url=1&is_from_webapp=v1&q=painting&t=1659170414536,kunst,,,,,,,,,,,,,,,,,,,,,,,,,,,x,,,,,,,,,,,,,x,,,,,,,,,,,,,,,x,,,,x,,,x,
k11,https://www.tiktok.com/@amber_emmi/video/7016735112301677829?is_copy_url=1&is_from_webapp=v1&q=painting&t=1659170414536,kunst,,,,,,,,,,,,,,,,,,,,,,,,,,,x,,,,,,,,,,,,,,,,,,,,,,,,,,,,,,,,,,,,
k12,https://www.tiktok.com/@bobbziee/video/7039015874560380165?is_copy_url=1&is_from_webapp=v1&q=painting&t=1659170414536,kunst,,,,,,,,,,,,,,,,,,,,,,,,,,,x,,,,,,,,,,,,,,,,,,,,,,,,,,,,,,,,,,,,
k13,https://www.tiktok.com/@lily.ting/video/7077688871005310254?is_copy_url=1&is_from_webapp=v1,kunst,,,,,,,,,,,,,,,,,,,,,,,,,,,,,,,,,,,,,,,,,,,,,,,,,x,,,,,,x,,,,,,,,
k14,https://www.tiktok.com/@karliinaanna/video/6821801389237308678?is_copy_url=1&is_from_webapp=v1,kunst,,,,,,,,,,,,,,,,,,,,,,,,,,,,,,,,,,,,,,,,,,,,,,,,,x,,,,,,,,,,,,,,
k15,https://www.tiktok.com/@eteportraits/video/7042323449183882502?is_copy_url=1&is_from_webapp=v1,kunst,,,,,,,,,,,,,,,,,,,,,,,,,,,x,,,,,,,,,,,,,,,,,,,,,,,,,,,,x,,,,,,,,
k16,https://www.tiktok.com/@mazawski/video/7072971329028230446?is_copy_url=1&is_from_webapp=v1&q=drawing&t=1659171130424,kunst,,,,,,,,,,,,,,,,,,,,,,,,,,,,,,,,,,x,,,,,,,,,,,,,,,x,,,,,,,,,,,,,,
k17,https://www.tiktok.com/@noellelel/video/7063174278027414830?is_copy_url=1&is_from_webapp=v1&q=manga%20drawing&t=1659171269373,kunst,,,,,,,,,,,,,,,,,,,,,,,,,,,,,,,,,,x,,,,,,,,,,,,,,,x,,,,,,,,,,,,,,
k18,https://www.tiktok.com/@thomasletor/video/7078305136677752070?is_copy_url=1&is_from_webapp=v1&q=manga%20drawing&t=1659171269373,kunst,,,,,,,,,,,,,,,,,,,,,,,,,,,,,,,,,,x,,,,,,,,,,,,,,,x,,,,,,,,,,,,,,
k19,https://www.tiktok.com/@isabelgiannuzzi/video/7078000324321021190?is_copy_url=1&is_from_webapp=v1&q=drawing&t=1659171130424,kunst,,,,,,,,,,,,,,,,,,,,,,,,,,,x,,,,,,,,x,,,,,,,,,,,,,,,,,,,,x,,,,,,,,
k20,https://www.tiktok.com/@art.inworld/video/7092549916001619226?is_copy_url=1&is_from_webapp=v1&q=watercolorpainting&t=1659171431997,kunst,,,,,,,,,,,,,,,,,,,,,,,,,,,x,,,,,,,,,,,,,,,,,,,,,,,,,,,,,,,,,,,,
k21,https://www.tiktok.com/@camilla_creations/video/7099829733679959338?is_copy_url=1&is_from_webapp=v1&q=artist&t=1659173093490,kunst,,,,,,,,,,,,,,,,,,,,,,,,,,,x,,,,,,,,,,,,,,,,,,,,,,,,x,,,,,,,,,,,x,
k22,https://www.tiktok.com/@dimacciographics/video/7117384307324275973?is_copy_url=1&is_from_webapp=v1&q=artist&t=1659173093490,kunst,,,,,,,,,,,,,,x,,,,,,,,,,,,,x,,,,,,,,x,,,,,x,,,,,,,,,,,,,,,x,,,,,,,,
k23,https://www.tiktok.com/@user446010151/video/6937186771860000005?is_copy_url=1&is_from_webapp=v1,kunst,,,,,,,,,,,,,,,,,,,,,,,,,,,x,,,,,,,,,,,,,,,,,,,,,,,,,,,,,,,,,,,x,
k24,https://www.tiktok.com/@courtney_art/video/7091666544278719786?is_copy_url=1&is_from_webapp=v1,kunst,,,,,,,,,,,,,,,,,,,,,,,,,,,x,,,,,,,,,,,,,,,,,,,,,,,,,,,,,,,,,,,x,
k25,https://www.tiktok.com/@pencildrawingok/video/6897137419150265606?is_copy_url=1&is_from_webapp=v1&q=pencilpainting&t=1659173382594,kunst,,,,,,,,,,,,,,,,,,,,,,,,,,,x,,,,,,,,,,,,,,,,,,,,,,,,,,,,,,,,,,,,
k26,https://www.tiktok.com/@azar.an/video/6944693046218951938?is_copy_url=1&is_from_webapp=v1&q=pencilpainting&t=1659173382594,kunst,,,,,,,,,,,,,,,,,,,x,,,,,,,,x,,,,,,,,,,,,,,,,,,,,,,,,,,,,,,,,,,,,
k27,https://www.tiktok.com/@oddlysatisfying/video/7079433405443853614?is_copy_url=1&is_from_webapp=v1&q=oddly%20satisfying&t=1659606475382,kunst,x,,,,,,,,,,,,,,,,,,,,,,,,,,,,,,,,,,,,,,,,,,,,,,,,,,,,,,,,,,,,,,
k30,https://www.tiktok.com/@drew.nori/video/7036019851470621958?is_copy_url=1&is_from_webapp=v1,kunst,x,,,,,,,,,,,,,,,,,,,,,,,,,,,,,,,,,,,,,,,,,,,,,,,,x,,,,,,,,,,,,,,
m1 ,https://www.tiktok.com/@urbantheory_/video/6880824023727525121?is_copy_url=1&is_from_webapp=v1,musik,x,,,,,,,,,,,,,,,,,,,,x,,,,,,,x,,,,,,,,,,,,,,,,,,,,,,,,,,,,,,,,,,,
m2,https://www.tiktok.com/@ovaksss/video/7064953142063959297?is_copy_url=1&is_from_webapp=v1,musik,,,,,,,,,,,,,,,,,,,,,,,,,,,,x,,,,,,,,,,,,,,,,,,,,,,,,,,,,,,,,,,,
m3,https://www.tiktok.com/@pianodaddan/video/7052892858130418990?is_copy_url=1&is_from_webapp=v1,musik,,,,,,,,,,,,,,x,,,,,,,,,,,,,,x,,,,,,,x,,,,,,,,,,,,,,,,x,,,,x,,x,,,,,,
m4,https://www.tiktok.com/@filippolombardelli/video/7063809800706034949?is_copy_url=1&is_from_webapp=v1&q=pianochallange&t=1659604906679,musik,,,,,,,,,,,,,,,,,,,,,,,,,,,,x,,,,,,,x,,,,,,,,,,,,,,,,,,,,,,,,,,,,
m5,https://www.tiktok.com/@raquelreigns/video/7078252817068215594?is_copy_url=1&is_from_webapp=v1&q=singing&t=1659604939662,musik,,,,,,,,,,,,,,,,,,,,,,,,,,,,,,,,,,,,,,,,,,,,,,,,,,x,,,,,x,,,,,,,x,
m6,https://www.tiktok.com/@anela.rm/video/7078739185959439621?is_copy_url=1&is_from_webapp=v1&q=sing&t=1659605074098,musik,,,,,,,,,,,,,,,,,,,,,,,,,,,,,,,,,,,,,,,,,,,,,,,,,,x,,,,,,,,,,,,x,
m7,https://www.tiktok.com/@ludwig.aufr/video/7088704795023854853?is_copy_url=1&is_from_webapp=v1&q=guitar&t=1659605299048,musik,,,,,,,,,,,,,,,,,,,,,,,,,,,,x,,,,,,,x,,,,,,,,,,,,,,,,,,,,,,,,,,,,
m8,https://www.tiktok.com/@omirpss/video/7090809632934989083?is_copy_url=1&is_from_webapp=v1&q=guitar&t=1659605299048,musik,,,,,,,,,,,,,,,,,,,,,,,,,,,,x,,,,,,,,,,,,,,,,,,,,,,,,,,,,,,,,,,,
m9,https://www.tiktok.com/@sammyhaigmusic/video/7079439695679196459?is_copy_url=1&is_from_webapp=v1&q=trumpet&t=1659605374810,musik,,,,,,,,,,,,,,,,,,,,,,,,,,,,x,,,,,,,x,,,,,,,,,,,,,,,,,,,,x,,,,,,,,
m10,https://www.tiktok.com/@joelsvnny/video/7066766759302384897?is_copy_url=1&is_from_webapp=v1&q=violin&t=1659605416019,musik,,,,,,,,,,,,,,,,,,,,,,,,,,,,x,,,,,,,x,,,,,,,,,,,,,,,,x,,,,x,,,,x,,,,
m11,https://www.tiktok.com/@miaasanomusic/video/7103638683244432686?is_copy_url=1&is_from_webapp=v1&q=violin&t=1659605416019,musik,,,,,,,,,,,,,,,,,,,,,,,,,,,,x,,,,,,,,,,,,,,,,,,,,,,,,,,,x,,,,x,,,x,
m12,https://www.tiktok.com/@myreek_/video/7090723594052865322?lang=en,musik,,,,,,,,,,,,,,,,,,,,,,,,,,,,,,,,,,,x,,,,,x,,,,,,,,,,x,,,,,x,,,,,,,,
m13,https://www.tiktok.com/@tommylyon_/video/7026830914613185797?is_copy_url=1&is_from_webapp=v1&q=male%20singer&t=1659605623367,musik,,,,,,,,,,,,,,,,,,,,,,,,,,,,,,,,,,,x,,,,,,,,,,,,,,,x,,,,,x,,,,,,,,
m14,https://www.tiktok.com/@willaustinn/video/7121283566050233601?is_copy_url=1&is_from_webapp=v1&q=male%20singer&t=1659605623367,musik,,,,,,,,,,,,,,,,,,,,,,,,,,,,x,,,,,,,x,,,,,,,,,,,,,,,x,,,,,x,,,,,,,,
m15,https://www.tiktok.com/@valeriaroswell/video/7092592785798253830?is_copy_url=1&is_from_webapp=v1&q=duet&t=1659606302283,musik,,,,,,,,,,,,,,,,,,,,,,,,,,,,,,,,,,,,,,,,,,,,,,,,,,x,,,,,x,,x,,,,,x,
m16,https://www.tiktok.com/@elliotjamesreay/video/7095363454957079813?is_copy_url=1&is_from_webapp=v1&q=duet&t=1659606302283,musik,,,,,,,,,,,,,,,,,,,,,,,,,,,,,,,,,,,x,,,,,,,,,,,,,,,x,,,,,x,,x,,,,,,
m17,https://www.tiktok.com/@jhekhoos/video/7076559310238567681?is_copy_url=1&is_from_webapp=v1&q=duet&t=1659606302283,musik,,,,,,,,,,,,,,,,,,,,,,,,,,,,x,,,,,,,,,,,,,,,,,,,,,,,,,,,x,,,,,,,,
ASMR1,https://www.tiktok.com/@lively.sands/video/7007733159739608326?is_copy_url=1&is_from_webapp=v1&q=oddly%20satisfying&t=1659606475382,asmr,x,,,,,,,,,,,,,,,,,,,,,,,,,,,,,,,,,,,,,,,,,,,,,,,,,,,,,,,,,,,,,,
ASMR2,https://www.tiktok.com/@spencerclaeys/video/7084686255849688366?is_copy_url=1&is_from_webapp=v1&q=oddly%20satisfying&t=1659606475382,asmr,x,,,,,,,,,,,,,,,,,,,,,,,,x,,,,,,,,,,,,,,,,,,,,,,,,,,,,,,,,,,,,,,
ASMR3,https://www.tiktok.com/@sosatisfying/video/6856873410128039173?is_copy_url=1&is_from_webapp=v1&q=oddly%20satisfying&t=1659606475382,asmr,x,,,x,,,,,,,,,,,,,,,,,,,,,,,,,,,,,,,,,,,,,,,,,,,,,,,,,,,,,,,,,,,
ASMR4,https://www.tiktok.com/@sirwrender/video/6970771049331903750?is_copy_url=1&is_from_webapp=v1,asmr,x,,,,,,,,,,,,,,,,,,,,,,,,,,,,,,,,,,,,,,,,,,,,,,,,,,,,,,,,,,,,,,
ASMR5,https://www.tiktok.com/@w2sixpackchef/video/7084618485598375173?is_copy_url=1&is_from_webapp=v1,asmr,x,,,,,,,,,,,,,,,,,,,,,,,,,,,,,,,,,,,,,,,,,,,,,,,,,,,,,,,,,,,,,,
ASMR6,https://www.tiktok.com/@lively.sand/video/6997156129700596997?is_copy_url=1&is_from_webapp=v1,asmr,x,,,,,,,,,,,,,,,,,,,,,,,,,,,,,,,,,,,,,,,,,,,,,,,,,,,,,,,,,,,,,,
ASMR7,https://www.tiktok.com/@_catben_/video/6959661816582622469?is_copy_url=1&is_from_webapp=v1,asmr,x,,,,,,,,,,,,,,,,,,,,,,,,x,,,,,,,,,,,,,,,,,,,,,,,,,,,,,,,,,,,,,,
ASMR8,https://www.tiktok.com/@thep00lguy/video/6958837722614107397?is_copy_url=1&is_from_webapp=v1,asmr,x,,,,,,,,,,,,,,,,,,,,,,,,x,,,,,,,,,,,,,,,,,,,,,,,,,,,,,,,,,,,,,,
ASMR9,https://www.tiktok.com/@krystleklear1/video/6968183552089345286?is_copy_url=1&is_from_webapp=v1,asmr,x,,,,,,,,,,,,,,,,,,,,,,,,x,,,,,,,,,,,,,,,,,,,,,,,,,,,,,,,,,,,,,,
ASMR10,https://www.tiktok.com/@peelingstressout/video/6996495603417091334?is_copy_url=1&is_from_webapp=v1,asmr,,,,x,,,,,,,,,,,,,,,,,,,,,,,,,,,,,,,,,,,,,,,,,,,,,,,,,,,,,,,,,,,
r1,https://www.tiktok.com/@unseenwonders/video/7056901773923224838?is_copy_url=1&is_from_webapp=v1&q=travel&t=1659421045077,reisen,,,,,,,,,,,,,,,,,,,,,,,,,,,,,,,,,,,,,,,,,,,,x,,,,,,,,,,,x,,,,x,,,,
r2,https://www.tiktok.com/@andre_milan9/video/7106708179852987653?is_copy_url=1&is_from_webapp=v1&q=travel&t=1659421045077,reisen,,,,,,,,,,,,,,,,,,,,,,,,,,,,,,,,,,,,,,,,x,,,,x,,,,,,,,,,,x,,,x,,,,,
r3,https://www.tiktok.com/@ellareesetravels/video/7106633053073739054?is_copy_url=1&is_from_webapp=v1&q=travel&t=1659421045077,reisen,,,,,,,,,,,,,,,,,,,,,,,,,,,,,,,,,,,,,,,,x,,,,x,,,,,,,,,,,x,,,,x,,,,
r4,https://www.tiktok.com/@voyagefox/video/7101386343233654022?is_copy_url=1&is_from_webapp=v1&q=travel&t=1659421045077,reisen,,,,,,,,,,,,,,,,,,,,,,,,,,,,,,,,,,,,,,,,,,,x,,,,,,,,,,,,,,,,x,,,x,
r5,https://www.tiktok.com/@unseenwonders/video/7075799440799370502?is_copy_url=1&is_from_webapp=v1&q=travel&t=1659421045077,reisen,,,,,,,,,,,,,,,,,,,,,,,,,,,,,,,,,,,,,,,,,,,,x,,,,,,,,,,,x,,,,,,,,
r6,https://www.tiktok.com/@emiliabeattie/video/7098710382147144966?is_copy_url=1&is_from_webapp=v1&q=travel&t=1659421045077,reisen,,,,,,,,,,,,,,,,,,,,,,,,,,,,,,,,,,,,,,,,,,,x,,,,,,,,,,,,x,,,x,,,,x,
r7,https://www.tiktok.com/@florina_toma/video/7122087330504084741?is_copy_url=1&is_from_webapp=v1&q=travel&t=1659421045077,reisen,,,,,,,,,,,,,,,,,,,x,,,,,,,,,,,,,,,,x,,,,,,,,,,,,,,,,x,,,,,,,x,,,,,
r8,https://www.tiktok.com/@happyseeker/video/7112925047601450286?is_copy_url=1&is_from_webapp=v1&q=travel&t=1659421045077,reisen,,,,,,,,,,,,,,,,,,,,,,,,,,,,,,,,,,,,,,,,,,,,x,,,,,,,,,,,x,,,,x,,,x,
r9,https://www.tiktok.com/@lukedamant/video/6812511363982691589?is_copy_url=1&is_from_webapp=v1,reisen,,,,,,,,,,,,,,,,,,,,,,,,,,,,,,,,,,,x,,,,,,,,,x,,,,,,,x,,,,,,,,x,,,,
r10,https://www.tiktok.com/@visit/video/6853367101126642949?is_copy_url=1&is_from_webapp=v1,reisen,,,,,,,,,,,,,,,,,,,,,,,,,,,,,,,,,,,,,,,,,,,x,,,,,,,,,,,,,,,,,,,,
r11,https://www.tiktok.com/@sam.adventure/video/7023065269534756102?is_copy_url=1&is_from_webapp=v1,reisen,,,,,,,,,,,,,,,,,,,,,,,,,,,,,,,,,,,x,,,,,,,,x,,,,,,,,x,,,,x,,,,,,,,
r12,https://www.tiktok.com/@visit/video/6867974355545017605?is_copy_url=1&is_from_webapp=v1,reisen,,,,,,,,,,,,,,,,,,,,,,,,,,,,,,,,,,,,,,,,,,,x,,,,,,,,,,,,,,,,,,,,
r13,https://www.tiktok.com/@nolimitua/video/7009268146116791558?is_copy_url=1&is_from_webapp=v1,reisen,,,,,,,,,,,,,,,,,,,,,,,x,,,,,,,,,,,,,,,,,x,,,,,,,,,,,,,,,,,,x,x,,,x,
r14,https://www.tiktok.com/@aurooratorres/video/7071241477560601861?is_copy_url=1&is_from_webapp=v1&q=travelling&t=1659421601994,reisen,,,,,,,,,,,,,,,,,,,,,,,,,,,,,,,,,,,,,,,,,,,,,,,,,,,,,,,x,,,x,,,,x,
r15,https://www.tiktok.com/@mariee.louuu/video/7089079417795792133?is_copy_url=1&is_from_webapp=v1&q=citytrip&t=1659421803639,reisen,,,,,,,,,,,,,,,,,,,,,,,,,,,,,,,,,,,,,,,,,,,,x,,,,,,,,,,,x,,,,,,,,
r16,https://www.tiktok.com/@jennyhff/video/7071978522616646918?is_copy_url=1&is_from_webapp=v1&q=citytrip&t=1659421803639,reisen,,,,,,,,,,,,,,,,,,,,,,,,,,,,,,,,,,,,,,,,,,,,x,,,,,,,,,,,x,,,,x,,,,
r17,https://www.tiktok.com/@thijstg/video/7000477814084488454?is_copy_url=1&is_from_webapp=v1&q=citytrip&t=1659421803639,reisen,,,,,,,,,,,,,,,,,,,,,,,,,,,,,,,,,,,,,,,,,,,,x,,,,,,,,,,,x,,,,,,,,
r18,https://www.tiktok.com/@neil.james/video/7062819151311572229?is_copy_url=1&is_from_webapp=v1&q=france&t=1659421911560,reisen,,,,,,,,,,,,,,,,,,,,,,,,,,,,,,,,,,,,,,,,,,,x,,,,,,,,,,,,,,,,,,,,
sp1,https://www.tiktok.com/@lisafiitt/video/7094934110619094278?is_copy_url=1&is_from_webapp=v1&q=fitness&t=1659602110544,sport,,,,,,,,,,,,,,,,,,,,,,x,,,,,,,,,,,,,x,,,,,,,,,,,,,,,,,,,,,,,,,,,x,
sp2,https://www.tiktok.com/@adib.02/video/7115689198711049478?is_copy_url=1&is_from_webapp=v1&q=fitness&t=1659602110544,sport,,,,,,,,,,,,,,,,,,,,,,x,,,,,,,,,,,,,x,,,,,,,,,,,,,,,,,,,,,,,,x,,,,
sp3,https://www.tiktok.com/@pslfitness/video/7101628831823334662?is_copy_url=1&is_from_webapp=v1&q=fitness&t=1659602110544,sport,,,,,,,,,,,,,,,,,,,,,,x,,,,,,,,,,,,,x,,,,,,,,,,,,,,,,,,,,x,,,,,,,,
sp4,https://www.tiktok.com/@officialshaquanparson/video/7086180746255158570?is_copy_url=1&is_from_webapp=v1,sport,,,,,,,,,,,,,,,,,,,,,,,,,,,,,,,,,,,x,,,,,,,,x,,,,,,,,,x,,,,,,,,,,,
sp5,https://www.tiktok.com/@officialshaquanparson/video/7095867031190392110?is_copy_url=1&is_from_webapp=v1,sport,,,,,,,,,,,,,,,,,,,,,,,,,,,,,,,,,,,x,,,,,,,,x,,,,,,,,,x,,,,,,,,,,,
sp6,https://www.tiktok.com/@_andrei_semenikhin_/video/7020443623158287617?is_copy_url=1&is_from_webapp=v1,sport,,,,,,,,,,,,,,,,,,,,,,x,,,,,,,,,,,,,x,,,,,,,,,,,,,,,,,,,,x,,,,,,,,
sp7,https://www.tiktok.com/@markioli/video/6752808487392201990?is_copy_url=1&is_from_webapp=v1,sport,,,,,,,,,,,,,,,,,,,,,,x,,,,,,,,,,,,,x,,,,,,,,,,,,,,,,x,,,,,,,,,,,,
sp8,https://www.tiktok.com/@wikikoletzko/video/7085815130788859141?is_copy_url=1&is_from_webapp=v1,sport,,,,,,,,,,,,,,,,,,,x,,,,,,,,,,,,,,,,,,,,,,,,,,,,,,,,,,x,,x,,,,,,,x,
sp9,https://www.tiktok.com/@fcbarcelona/video/7124887317776583941?is_copy_url=1&is_from_webapp=v1,sport,,,x,,,,,,,,,,,,,,,,,,,,,,,,,,,,,,,,x,,,,,,,,,,,,,,,,,,,,,,,,,,,,
sp10,https://www.tiktok.com/@acmilan/video/7127338031639579909?is_copy_url=1&is_from_webapp=v1,sport,,,x,,,,,,,,,,,,,,,,,,,,,,,,,,,,,,,,x,,,,,,,,,,,,,,,,,,,,,,,,,,,,
sp11,https://www.tiktok.com/@vballrecruiter09/video/7106449908030278958?is_copy_url=1&is_from_webapp=v1&q=beachvolley&t=1659602750562,sport,,,x,,,,,,,,,,,,,,,,,,,,,,,,,,,,,,,,,,,,,,,,x,,,,,,,,,,,,,,,,,,,x,
sp12,https://www.tiktok.com/@volleyballworld/video/7094649999304232197?is_copy_url=1&is_from_webapp=v1&q=beachvolley&t=1659602750562,sport,,,x,,,,,,,,,,,,,,,,,,,,,,,,,,,,,,,,x,,,,,,,,,,,,,,,,,,,,x,,,,,,,,
sp13,https://www.tiktok.com/@benn_rowe/video/6922497111082749190?is_copy_url=1&is_from_webapp=v1,sport,,,,,,,,,,,,,,,,,,,,,,,,,,,,,,,,,,,,,,,,,,,x,,,,,,,,,,,,,,,,,,x,,
sp14,https://www.tiktok.com/@alexanderryden_film/video/6921995240832355589?is_copy_url=1&is_from_webapp=v1,sport,,,,,,,,,,,,,,,,,,,,,,,,,,,,,,,,,,,,,,,,,,,x,x,,,,,,,,,,,x,,,,,,x,,
sp15,https://www.tiktok.com/@wegerbrothers/video/7101274690882178310?is_copy_url=1&is_from_webapp=v1&q=skiing&t=1659602882401,sport,,,,,,,,,,,,,,,,,,,,,,,,,,,,,,,,,,,,,,,,,,,x,,,,,,,,,,,,,,,,,,x,,
sp16,https://www.tiktok.com/@jordskauffman/video/7092952256294702379?is_copy_url=1&is_from_webapp=v1&q=climbing&t=1659602928477,sport,,,,,,,,,,,,,,,,,,,,,,,,,,,,,,,,,,,x,,,,,,,,x,,,,,,,,,,x,,,,,,,,,,
sp17,https://www.tiktok.com/@espn/video/7050161431806758149?is_copy_url=1&is_from_webapp=v1&q=climbing&t=1659602928477,sport,,,,,,,,,,,,,,,,,,,,,,,,,,,,,,,,,,,,,,,,,,,,,,,,,,,,,x,,x,,,,,,,x,
sp18,https://www.tiktok.com/@rygwav/video/7101437919767842091?is_copy_url=1&is_from_webapp=v1&q=skaetboard&t=1659603000896,sport,,,,,,,,,,,,,,,,,,,,,,,,,,,,,,,,,,,x,,,,,,,,,,,,,,,,x,x,x,,x,,,,x,,,,
sp19,https://www.tiktok.com/@piykerman/video/7113188411967720750?is_copy_url=1&is_from_webapp=v1&q=skateboard%20stunt&t=1659603037527,sport,,,,,,,,,,,,,,,,,,,,,,,,,,,,,,,,,,,,,,,,,,,,,,,,,,,,x,x,,,,,,,,,x,
sp20,https://www.tiktok.com/@michaely88/video/7120389921163988230?is_copy_url=1&is_from_webapp=v1&q=athlet&t=1659603589041,sport,,,,,,,,,,,,,,,,,,,,,,,,,,,,,,,,,,,x,,,,,,,,,,,,,,,,,,x,,,,,,,,,,
sp21,https://www.tiktok.com/@shusterman1/video/7127863283234819374?is_copy_url=1&is_from_webapp=v1&q=skateboard%20stunt&t=1659603037527,sport,,,,,,,,,,,,,,,,,,,,,,,,,,,,,,,,,,,x,,,,,,,,,,,,,,,,,x,x,,,,,,,,,,
sp22,https://www.tiktok.com/@amberglenniceskater/video/6977856598601370885?is_copy_url=1&is_from_webapp=v1&q=ice%20skaeting&t=1659603743419,sport,,,,,,,,,,,,,,,,,,,,,,,,,,,,,,,,,,,,,,,,,,,,,,,,,,,,x,,,,,,,,,x,x,
sp23,https://www.tiktok.com/@oniceperspectives/video/7085740693129268523?is_copy_url=1&is_from_webapp=v1&q=ice%20skaeting&t=1659603743419,sport,,,,,,,,,,,,,,,,,,,,,,,,,,,,,,,,,,,,,,,,,,,,,,,,,,,,x,,,,,,,,,x,x,
d1,https://www.tiktok.com/@melio.repostz/video/7057156669209382190,dance,,,,,,,,,,,,,,,,,,,,,,,,,,,,,,,x,,,,,,,,,,,,,,,,,,,,,,,,,,,x,,,,x,
d2,https://www.tiktok.com/@ninojulia/video/7093918431224843526?is_copy_url=1&is_from_webapp=v1&lang=en&q=cannibal%20dance&t=1659012066688,dance,,,,,,,,,,,,,,,,,,,,,x,,,,,,,,,,,,,,,,,,,,,,,,,,,,,,,,,,,,,x,,,,,
d3,https://www.tiktok.com/@zoifishh/video/6790838770125114630?is_copy_url=1&is_from_webapp=v1&q=supalonely&t=1659012406297,dance,,,,,,,,,,,,,,,,,,,,,,,,,,,,,,,x,,,,,,,,,,,,,,,,,,,,,,,,,,,x,,,,x,
d4,https://www.tiktok.com/@keke.janajah/video/6802722722389576965?is_copy_url=1&is_from_webapp=v1&q=keke.janajah%20savage&t=1659012485992,dance,,,,,,,,,,,,,,,,,,,,,,,,,,,,,,,,,,,,,,,,,,,,,,,,,,,,,,,,,,x,,,,x,
d5,https://www.tiktok.com/@thexhan/video/6782848477094366470?is_copy_url=1&is_from_webapp=v1&q=dont%20start%20now&t=1659012556641,dance,,,,,,,,,,,,,,,,,,,,,,,,,,,,,,,,,,,,,,,,,,,,,,,,,,,,,,,,,,x,,,,x,
d6,https://www.tiktok.com/@bronxsistas/video/7120618160285404422?is_copy_url=1&is_from_webapp=v1,dance,,,,,,,,,,,,,,,,,,,,,x,,,,,,,,,,,,,,,,,,,,,,,,,,,,,,,,,,,,,x,,,,x,
d7,https://www.tiktok.com/@officialsaweetie/video/6849547595757423878?is_copy_url=1&is_from_webapp=v1,dance,,,,,,,,,,,,,,,,,,,,,,,,,,,,,,,,,,,,,,,,,,,,,,,,,,,,,,,,,,x,,,,x,
d8,https://www.tiktok.com/@annaserrano_1/video/7038964113606839598?is_copy_url=1&is_from_webapp=v1&q=stanky%20leg&t=1659013220650,dance,,,,,,,,,,,,,,,,,,,,,x,,,,,,,,,,,,,,,,,,,,,,,,,x,,,,,,,,,x,,,x,,,,,
d9,https://www.tiktok.com/@kyliejenner/video/6821388600593222917?is_copy_url=1&is_from_webapp=v1&q=out%20west&t=1659013339892,dance,,,,,,,,,,,,,,,,,,,,,,,,,,,,,,,,,,,,,,,,,,,,,,,,,,,,,,,,,,x,,,,x,
d10,https://www.tiktok.com/@4thehomies__/video/7043592308717079813?is_copy_url=1&is_from_webapp=v1&q=wapchallange&t=1659013520012,dance,,,,,,,,,,,,,,,,,,,,,,,,,,,,,,,,,,,,,,,,,,,,,,,,,,,,,,,,,,x,,,,x,
d11,https://www.tiktok.com/@jenniiyyyyy/video/6913933833331117317?_t=8UMSHe0pC4s&_r=1,dance,,,,,,,,,,,,,,,,,,,,,x,,,,,,,,,,,,,,,,,,,,,,,,,,,,,,,,,,,,,x,,,,x,
d12,https://www.tiktok.com/@charlidamelio/video/7115967651385445674?_t=8UMSiuFXK3K&_r=1,dance,,,,,,,,,,,,,,,,,,,,,x,,,,,,,,,,,,,,,,,,,,,,,,,,,,,,,,,,,,,,,,,,
d13,https://www.tiktok.com/@yodelinghaley/video/7108044945990208814?_t=8UMSov4pBO2&_r=1,dance,,,,,,,,,,,x,,,,,,,,,,x,,,,,,,,,,,,,,,,,,,,,,,,,,,,,,,,,,,,,,,,,x,
d14,https://www.tiktok.com/@rybkatwinsofficial/video/6860158048263097605?_t=8UMSzHdH9SI&_r=1,dance,,,,,,,,,,,,,,x,,,,,,,,,,,,,,,,,,,,,,,,,,,,,,,,,,,,,,,,,,,,,,,,x,
d15,https://www.tiktok.com/@sofiawylie/video/7103301409004621099?_t=8UMT5u0OgI2&_r=1,dance,,,,,,,,,,,,,,,,,,,,,,,,,,,,,,,,,,,,,,,,,,,,,,,,,,,,,,,,,,x,,,,x,
d16,https://www.tiktok.com/@thesharptwins/video/7093257850616614150?_t=8UMTCugWLEj&_r=1,dance,,,,,,,,,,,,,,x,,,,,,,,,,,,,,,,,,,,,x,,,,,,,,,,,,,,,,,,,,,,,,,,,,
d17,https://www.tiktok.com/@avemoves/video/7080183199065853189?_t=8UMU0kTO4uM&_r=1,dance,,,,,,,,,,,,,,,,,,,,,,,,,,,,,,,,,,,x,,,,,,,,,,,,,,,,,,,,,,,,,,,,
d18,https://www.tiktok.com/@jadenbarba/video/6817870851577269510?_t=8UMTG5o6cNC&_r=1,dance,,,,,,,,,,,,,,,,,,,,,,,,,,,,,,,,,,,x,,,,,,,,,,,,,,,,,,,,,,,,,,,,
d19,https://www.tiktok.com/@senpaiblackfoot/video/7119085742298500357?is_copy_url=1&is_from_webapp=v1&q=tutorial%20dance&t=1659015102252,dance,,,,,,,,,,,,,,,,,,,,,,,,,,,,,,,,,,,x,,,,,,,,,,,,,,,,,,,,x,,,x,x,,,,
d20,https://www.tiktok.com/@phoebe.mulyana/video/7083447082748529947?is_copy_url=1&is_from_webapp=v1&q=tutorial%20dance&t=1659015102252,dance,,,,,,,,,,,,,,,,,,,,,,,,,,,,,,,,,,,,,,,,,,,,,,,,,,,,,,,x,,,x,x,,,x,
d21,https://www.tiktok.com/@senpaiblackfoot/video/7109791072959597830?is_copy_url=1&is_from_webapp=v1&q=tutorial%20dance&t=1659015102252,dance,,,,,,,,,,,,,,,,,,,,,,,,,,,,,,,,,,,x,,,,,,,,,,,,,,,,,,,,x,,,x,x,,,,
d22,https://www.tiktok.com/@bizzyboom/video/6997180181387545862?is_copy_url=1&is_from_webapp=v1&q=tutorial%20dance&t=1659015102252,dance,,,,,,,,,,,,,,,,,,,,,,,,,,,,,,,,,,,x,,,,,,,,,,,,,,,,,,,,x,,,x,x,,,,
d23,https://www.tiktok.com/@danceformetiktok/video/7095361456438332673?is_copy_url=1&is_from_webapp=v1&q=tutorial%20dance&t=1659015102252,dance,,,,,,,,,,,,,,,,,,,,,,,,,,,,,,,,,,,,,,,,,,,,,,,,,,,,,,,x,,,x,x,,,x,
d24,https://www.tiktok.com/@phoebe.mulyana/video/7119806677418773787?is_copy_url=1&is_from_webapp=v1&q=tutorial%20dance&t=1659015102252,dance,,,,,,,,,,,,,,,,,,,,,,,,,,,,,,,,,,,,,,,,,,,,,,,,,,,,,,,x,,,x,x,,,x,
d25,https://www.tiktok.com/@phoebe.mulyana/video/7056355637831224603?is_copy_url=1&is_from_webapp=v1&q=tutorial%20dance&t=1659015102252,dance,,,,,,,,,,,,,,,,,,,,,,,,,,,,,,,,,,,,,,,,,,,,,,,,,,,,,,,x,,,x,x,,,x,
d26,https://www.tiktok.com/@sammysteads/video/6795622267368885509?is_copy_url=1&is_from_webapp=v1,dance,,,,,,,,,,,,,,,,,,,,,,,,,,,,,,,,,,,,,,,,,,,,,,,,,,,,,,,x,,,,x,,,x,
d27,https://www.tiktok.com/@patriciaaaaam/video/6985853478266539291?is_copy_url=1&is_from_webapp=v1,dance,,,,,,,,,,,,,,,,,,,,,,,,,,,,,,,,,,,,,,,,,,,,,,,,,,,,,,,x,,,x,x,,,x,
d28,https://www.tiktok.com/@hu_jeffery/video/6911128339013176577?is_copy_url=1&is_from_webapp=v1,dance,,,,,,,,,,,,,,,,,,,,,,,,,,,,,,,,,,,x,,,,,,,,,,,,,,,,,,,,x,,,,x,,,,
d29,https://www.tiktok.com/@j3tvalencia/video/7110172522418572546?is_copy_url=1&is_from_webapp=v1&q=footwork%20tutorials&t=1659015779501,dance,,,,,,,,,,,,,,,,,,,,,,,,,,,,,,,,,,,x,,,,,,,,,,,,,,,,,,,,x,,,,x,,,,
d30,https://www.tiktok.com/@yhanyhanny/video/7086253686879489322?is_copy_url=1&is_from_webapp=v1&q=footwork%20tutorials&t=1659015779501,dance,,,,,,,,,,,,,,,,,,,,,,,,,,,,,,,,,,,x,,,,,,,,,,,,,,,,,,,,x,,,,x,,,,
s1,https://www.tiktok.com/@jadroppingscience/video/7096496268289084715?is_copy_url=1&is_from_webapp=v1&q=experiment&t=1658673078116,science,,,,,,,,,,,,x,,,,,,,,,,,,,,,,,,,,,,,,,,,,,,,,,,,,,,,x,,,,,,,,,,,,
s2,https://www.tiktok.com/@billnye/video/6854717870488702213?is_copy_url=1&is_from_webapp=v1,science,,,,,,,,,,,,x,,,,,,,,,,,,,,,,,,,,,,,x,,,,,,,,,,,,,,,,x,,,,,,,,,,,,
s3,https://www.tiktok.com/@_powervision_/video/6749475978998861062?is_copy_url=1&is_from_webapp=v1,science,,,,,,,,,,,,x,,,,,,,,,,,,,,,,,,,,,,,,,,,,,,,,,,,,,,,,,,,,,,,,,,,
s4,https://www.tiktok.com/@mrs.b.tv/video/6868044245756873990?is_copy_url=1&is_from_webapp=v1,science,,,,,,,,,,,,x,,,,,,,,,,,,,,,,,,,,,,,,,,,,,,,,,,,,,,,x,,,,,,,,,,,x,
s5,https://www.tiktok.com/@stevespangler/video/7007553047068986629?is_copy_url=1&is_from_webapp=v1&q=steven%20spangler&t=1658925250731,science,,,,,,,,,,,,x,,,,,,,,,,,,,,,,,,,,,,,x,,,,,,,,,,,,,,,,x,,,,,,,,,,,,
s6,https://www.tiktok.com/@mrs.b.tv/video/6907695819399384325?is_copy_url=1&is_from_webapp=v1&refer=embed&referer_url=https%3A%2F%2Fwww.weareteachers.com%2Ftiktok-science-experiments%2F&referer_video_id=6907695819399384325,science,,,,,,,,,,,,x,,,,,,,,,,,,,,,,,,,,,,,,,,,,,,,,,,,,,,,x,,,,,,,,,,,x,
s7,https://www.tiktok.com/@nickuhas/video/7023061999961558278?is_copy_url=1&is_from_webapp=v1,science,,,,,,,,,,,,x,,,,,,,,,,,,,,,,,,,,,,,x,,,,,,,,,,,,,,,,x,,,,,,,,,,,,
s8,https://www.tiktok.com/@mrs.b.tv/video/7043894182712298799?is_copy_url=1&is_from_webapp=v1&refer=embed&referer_url=https%3A%2F%2Fwww.weareteachers.com%2Ftiktok-science-experiments%2F&referer_video_id=6898491466092530950,science,,,,,,,,,,,,x,,,,,,,,,,,,,,,,,,,,,,,,,,,,,,,,,,,,,,,x,,,,,,,,,,,x,
s9,https://www.tiktok.com/@billnye/video/6853192029107703046?is_copy_url=1&is_from_webapp=v1&refer=embed&referer_url=https%3A%2F%2Fwww.weareteachers.com%2Ftiktok-science-experiments%2F&referer_video_id=6853192029107703046,science,,,,,,,,,,,,x,,,,,,,,,,,,,,,,,,,,,,,x,,,,,,,,,,,,,,,,x,,,,,,,,,,,,
s10,https://www.tiktok.com/@incrediblescience/video/6874758121944829190?is_copy_url=1&is_from_webapp=v1&refer=embed&referer_url=https%3A%2F%2Fwww.weareteachers.com%2Ftiktok-science-experiments%2F&referer_video_id=6885540783961754885,science,,,,,,,,,,,,x,,,,,,,,,,,,,,,,,,,,,,,x,,,,,,,,,,,,,,,,x,,,,,,,,,,,,
s11,https://www.tiktok.com/@mrs.b.tv/video/6870642984346602757?is_copy_url=1&is_from_webapp=v1&refer=embed&referer_url=https%3A%2F%2Fwww.weareteachers.com%2Ftiktok-science-experiments%2F&referer_video_id=6870642984346602757,science,,,,,,,,,,,,x,,,,,,,,,,,x,,,,,,,,,,,,,,,,,,,,,,,,,,,,x,,,,,,,,,,,x,
s12,https://www.tiktok.com/@sciencelobby/video/7090245538351746309?is_copy_url=1&is_from_webapp=v1&q=science&t=1659078705977,science,,,,,,,,,,,,x,,,,,,,,,,,,,,,,,,,,,,,x,,,,,,,,,,,,,,,,x,,,,,,,,,,,,
s13,https://www.tiktok.com/@mathswithmisschang/video/6838169384087866630?is_copy_url=1&is_from_webapp=v1&lang=en&q=mathswithmisschang.&t=1658993652778,science,,,,,,,,,,,,,,,,,,,,,,,x,,,,,,,,,,,,,,,,,,,,,,,,,,,,,,,,x,,,,,,,,
s14,https://www.tiktok.com/@nilered/video/7047579448534748422?is_copy_url=1&is_from_webapp=v1&q=science&t=1659078705977,science,,,,,,,,,,,,x,,,,,,,,,,,,,,,,,,,,,,,x,,,,,,,,,,,,,,,,x,,,,,,,,,,,,
s15,https://www.tiktok.com/@history__dude/video/7120317754619596038?is_copy_url=1&is_from_webapp=v1&q=history&t=1659079213350,science,,,,,,,,,,,,,,,,,,,,,,,,,,x,,,,,,,,,,,,,,,,,,,,,,,,,,,,,x,,,,,,,,
s16,https://www.tiktok.com/@thespartan100/video/7098322516220841222?is_copy_url=1&is_from_webapp=v1&q=history&t=1659079213350,science,,,,,,,,,,,,,,,,,,,,,,,,,,x,,,,,,,,,,,,,,,,,,,,,,,,,x,,,,,,,,,,,,
s17,https://www.tiktok.com/@fyp/video/7075951433014725930?is_copy_url=1&is_from_webapp=v1&q=history&t=1659079213350,science,,,,,,,,,,,,,,,,,,,x,,,,,,,x,,,,,,,,,x,,,,,,,,,,,,,,,,x,,,,,,,,,,,,
s18,https://www.tiktok.com/@simplehistory_/video/7052016444757904645?is_copy_url=1&is_from_webapp=v1&q=history&t=1659079213350,science,,,,,,,,,,,,,,,,x,,,,,,,,,,x,,,,,,,,,x,,,,,x,,,,,,,,,,,,,,,,,,,,,,,
s19,https://www.tiktok.com/@tutorzed/video/7063574025611562287?is_copy_url=1&is_from_webapp=v1&q=mathematics&t=1659079433398,science,,,,,,,,,,,,,,,,,,,,,,,x,,,,,,,,,,,,,,,,,,,,,,,,,,,,,,,,,,,,x,,,,
s20,https://www.tiktok.com/@intrestingmath/video/7096201385326251270?is_copy_url=1&is_from_webapp=v1&q=mathematics&t=1659079433398,science,,,,,,,,,,,,,,,,,,,,,,,,,,,,,,,,,,,,,,,,x,,,,,,,,,,,,,,,,,,,x,,,,
s21,https://www.tiktok.com/@mediamathfun/video/7040839281740369198?is_copy_url=1&is_from_webapp=v1&q=mathematics&t=1659079433398,science,,,,,,,,,,,,,,,,,,,,,,,x,,,,,,,,,,,,x,,,,,,,,,,,,,,,,x,,,,,,,,x,,,,
s22,https://www.tiktok.com/@tamuphysastr/video/7057962666827975983?is_copy_url=1&is_from_webapp=v1&q=physics&t=1659079692978,science,,,,,,,,,,,,x,,,,,,,,,,,,,,,,,,,,,,,,,,,,,,,,,,,,,,,x,,,,,,,,,,,x,
s23,https://www.tiktok.com/@xieziwu/video/7093552575097703682?is_copy_url=1&is_from_webapp=v1&q=physics&t=1659079692978,science,x,,,,,,,,,,,x,,,,,,,,,,,,,,,,,,,,,,,,,,,,,,,,,,,,,,,,,,,,,,,,,,,
s24,https://www.tiktok.com/@caitlinchuah/video/7061517163126885659?is_copy_url=1&is_from_webapp=v1&q=physics&t=1659079692978,science,,,,,,,,,,,,x,,,,,,,,,,,,,,,,,,,,,,,,,,,,,,,,,,,,,,,x,,,x,x,,,,,,,x,
s25,https://www.tiktok.com/@why__so.curious/video/7104869282718403886?is_copy_url=1&is_from_webapp=v1&q=physics&t=1659079692978,science,,,,,,,,,,,,x,,,,,,,,,,,,,,,,,,,,,,,x,,,,,x,,,,,,,,,,,,,,,x,,,,,,,,
s26,https://www.tiktok.com/@joemyheck/video/7040991019625811246?is_copy_url=1&is_from_webapp=v1&q=physics&t=1659079692978,science,,,,,,,,,,,,x,,,,,,,x,,,,,,,,,,,,,,,,x,,,,,,,,,,,,,,,,,,,,,,,,,,,,
