id,Original Link,Categories,stunts,experiment,moto,car,history,hack,Trendchoreo,lipsync,Narrator ,Women,Men,Transition,Filter,Emotional,Funny/Comdey,Surprise,ASMR ,Group,Family ,Speaking,Duet,Text ,movie,siging,baby,zoom,school,magic,tutorial,cats,dogs,other animals,cute,beauty
a1,https://www.tiktok.com/@jordantsanford/video/7094681255618399530?is_copy_url=1&is_from_webapp=v1&q=car&t=1659080441823,auto,,,,x,,,,,,,,,,,,,x,,,,,,,,,,,,,,,,,
a2,https://www.tiktok.com/@lianggeshuoche/video/7097438662710906154?is_copy_url=1&is_from_webapp=v1&q=car&t=1659080441823,auto,,,,x,,x,,,x,,x,,,,,,,,,,,,,,,,,,x,,,,,
a3,https://www.tiktok.com/@alibekovkz/video/7111996764739128582?is_copy_url=1&is_from_webapp=v1&q=car&t=1659080441823,auto,,,,x,,,,,,,x,,,,,,x,,,,,,,,,,,,,,,,,
a4,https://www.tiktok.com/@supercarblondie/video/7115336446134766850?is_copy_url=1&is_from_webapp=v1&q=car&t=1659080441823,auto,,,,x,,,,,,x,,,,,,,,,,x,,,,,,,,,,,,,,
a5,https://www.tiktok.com/@sonnyg_cars/video/7117099840386895105?is_copy_url=1&is_from_webapp=v1&q=car&t=1659080441823,auto,,,,x,,,,,,x,,,,,,,x,,,,,x,,,,,,,,,,,,
a6,https://www.tiktok.com/@garycarstore/video/7086089502669704454?is_copy_url=1&is_from_webapp=v1&q=car&t=1659080441823,auto,,,,x,,,,,,,,,,,x,,,,,,,,,x,,,,,,,,,,
a7,https://www.tiktok.com/@japan.ghost/video/7111406610970332422?is_copy_url=1&is_from_webapp=v1&q=car&t=1659080441823,auto,,,,x,,,,,,,,,,,,,,,,,,,,,,,,,,,,,,
a8,https://www.tiktok.com/@tangozilla/video/7092776497240345861?is_copy_url=1&is_from_webapp=v1&q=car&t=1659080441823,auto,,,,x,,,,,,,x,,,,,,,,,x,,x,,,,,,,,,,,,
a9,https://www.tiktok.com/@0o0_0257/video/7107588406938537258?is_copy_url=1&is_from_webapp=v1&q=car&t=1659080441823,auto,,,,x,,,,,,,,,,,,,x,,,,,,,,,,,,,,,,,
a10,https://www.tiktok.com/@beirut.cars/video/7106468474016271617?is_copy_url=1&is_from_webapp=v1&q=car&t=1659080441823,auto,,,,x,,,,,,,,,,,,,,,,,,,,,,,,,,,,,,
a11,https://www.tiktok.com/@supercarblondie/video/7099411430688050434?is_copy_url=1&is_from_webapp=v1&q=car&t=1659080441823,auto,,,,x,,,,,,x,,,,,,,,,,x,,x,,,,,,,,,,,,
a12,https://www.tiktok.com/@haruwka/video/7110087119502085377?is_copy_url=1&is_from_webapp=v1&q=motorcycle&t=1659085955394,auto,,,x,,,,,,,x,x,,,,,,,,,,,,,,,,,,,,,,,
a13,https://www.tiktok.com/@kidriderr/video/7090173357848644870?is_copy_url=1&is_from_webapp=v1&q=yamaha&t=1659086080323,auto,,,x,,,,,,,,x,,,,,,,,,,,,,,,,,,,,,,,
a14,https://www.tiktok.com/@mundobiker0/video/7030964279562095878?is_copy_url=1&is_from_webapp=v1&q=stunts%20motor&t=1659086101981,auto,,,x,,,,,,,,x,,,,,,,,,,,,,,,,,,,,,,,
a15,https://www.tiktok.com/@diogomatos_stuntrider/video/7039482029657853189?is_copy_url=1&is_from_webapp=v1&q=stunts%20motor&t=1659086101981,auto,x,,x,,,,,,,,x,,,,,,,,,,,,,,,,,,,,,,,
a16,https://www.tiktok.com/@mancave2022/video/7049426374532255023?is_copy_url=1&is_from_webapp=v1&q=stunts%20motor&t=1659086101981,auto,x,,x,,,,,,,x,,,,,,,,,,,,,,,,,,,,,,,,
a17,https://www.tiktok.com/@motocrossdorno/video/6837838349017943301?is_copy_url=1&is_from_webapp=v1,auto,x,,x,,,,,,,,,,,,,,,x,,,,,,,,,,,,,,,,
a18,https://www.tiktok.com/@bestmoto2022/video/6976213792309005570?is_copy_url=1&is_from_webapp=v1,auto,x,,x,,,,,,,,x,,,,,,,,,,,,,,,,,,,,,,,
a19,https://www.tiktok.com/@lancerussell155/video/7075637588794658049?is_copy_url=1&is_from_webapp=v1,auto,x,,x,,,,,,,,x,,,,,,,,,,,,,,,,,,,,,,,
a20,https://www.tiktok.com/@redbullitalia/video/6823271934906682630?is_copy_url=1&is_from_webapp=v1,auto,x,,x,,,,,,,,x,,,,,,,,,,,,,,,,,,,,,,,
a21,https://www.tiktok.com/@villaky/video/7074628803930246405?is_copy_url=1&is_from_webapp=v1&q=driften&t=1659086327165,auto,x,,,x,,,,,,,,,,,,,,,,,,,,,,,,,,,,,,
a22,https://www.tiktok.com/@redbullmotorsports/video/7026396212710493445?is_copy_url=1&is_from_webapp=v1&q=driften&t=1659086327165,auto,x,,,x,,,,,,,,,,,,,,,,,,,,,,,,,,,,,,
a23,https://www.tiktok.com/@radcars/video/7054251270177197359?is_copy_url=1&is_from_webapp=v1&q=audi&t=1659086401436,auto,,,,x,,,,,,,,,,,,,,,,,,,,,,,,,,,,,,
a24,https://www.tiktok.com/@forrestsautoreviews/video/7119130236389707051?is_copy_url=1&is_from_webapp=v1&q=audi&t=1659086401436,auto,,,,x,,,,,,,x,,,,,,,,,x,,,,,,,,,x,,,,,
a25,https://www.tiktok.com/@oscarbrito/video/7027982813680897286?is_copy_url=1&is_from_webapp=v1&q=Lamborghini&t=1659086450412,auto,,,,x,,,,,,,,,,,,,,,,,,,,,,,,,,,,,,
a26,https://www.tiktok.com/@noah.bowman/video/7120722592167808302?is_copy_url=1&is_from_webapp=v1&q=harley%20davidson&t=1659086472705,auto,,,x,,,,,,,x,,,,,,,,,,x,,,,,,,,,,,,,,