id,Original Link,Categories,Narrator ,Women,Men,Transition,Filter,Emotional,Funny ,Surprise,ASMR ,Group,Family ,Speaking,Text ,movie,siging,baby,zoom,school,magic,tutorial
c1,https://www.tiktok.com/@kisonkee/video/6753718966637677830?is_copy_url=1&is_from_webapp=v1,Comedy,,,x,,,,x,,,,,x,,,,,,,,
c2,https://www.tiktok.com/@xtheromanempire/video/7017118510044155142?is_copy_url=1&is_from_webapp=v1,Comedy,,,x,,,,x,,,,,x,x,,,,,,,
c3,https://www.tiktok.com/@hunainmalik22/video/6829876949532396806?is_copy_url=1&is_from_webapp=v1,Comedy,,x,,,,,x,,,,x,x,,x,,,,,,
c4,https://www.tiktok.com/@moist_carpetva/video/7070507410154163498?is_copy_url=1&is_from_webapp=v1,Comedy,,x,,,,,x,,,x,,,,,x,,,x,,
c5,https://www.tiktok.com/@halyhaha2/video/7020056546709114117?is_copy_url=1&is_from_webapp=v1,Comedy,,,,,,,x,,,,,,,,,x,,,,
c6,https://www.tiktok.com/@okay_really_official/video/7060785845707607301?is_copy_url=1&is_from_webapp=v1,Comedy,,,,,,,x,,,,,,,,,x,,,,
c7,https://www.tiktok.com/@samuelgrubbs/video/6820840648917159174?is_copy_url=1&is_from_webapp=v1,Comedy,,,,,,,x,,,x,,,,,,,x,x,,
c8,https://www.tiktok.com/@littel_johnny/video/6984893201412820229?is_copy_url=1&is_from_webapp=v1,Comedy,,,x,,,,x,,,,x,,,,,,,x,,
c9,https://www.tiktok.com/@shammiltd/video/7040763278565461250?is_copy_url=1&is_from_webapp=v1,Comedy,,,x,,,,x,,,x,,,,,,,,,,
c10,https://www.tiktok.com/@samuelgrubbs/video/6921150210949336326?is_copy_url=1&is_from_webapp=v1,Comedy,,,,,,,x,,,x,,,,,,,x,x,,
c11,https://www.tiktok.com/@ox_zung/video/6900572635319602433?is_copy_url=1&is_from_webapp=v1,Comedy,,,x,,x,,x,,,,,,,,,,,,,
c12,https://www.tiktok.com/@gianni_palumbo/video/7075079729925197098?is_copy_url=1&is_from_webapp=v1&lang=en&q=magic&t=1658670685485,Comedy,,,x,,,,x,x,,,,x,,,,,,,x,
c13,https://www.tiktok.com/@realjustinwillman/video/7119954853136518446?is_copy_url=1&is_from_webapp=v1,Comedy,,,x,,,,x,x,,,,x,x,,,,,,x,
c14,https://www.tiktok.com/@realjustinwillman/video/6839755796289473797?is_copy_url=1&is_from_webapp=v1,Comedy,,,x,,,,x,x,,,,x,,,,,,,x,
c15,https://www.tiktok.com/@seandoesmagic/video/6801598988207312133?is_copy_url=1&is_from_webapp=v1,Comedy,,,x,,,,x,,,,,,,,,,,,x,
c16,https://www.tiktok.com/@khaby.lame/video/6979606181463526661?is_copy_url=1&is_from_webapp=v1,Comedy,,,x,,,,x,,,,,x,,,,,,,,x
c17,https://www.tiktok.com/@khaby.lame/video/6999284772195421445?is_copy_url=1&is_from_webapp=v1&q=khaby%20lame&t=1659426207169,Comedy,,x,x,,,,x,,,,,,,,,,,,,x