id,Original Link,Categories,oldschool,shootinggames,gamstation,virtualreality,minecraft,keramikton,kleidung,deko,schmuck,basteln,haus,k√ºche,faden,stunts,experiment,moto,car,history,hack,Trendchoreo,lipsync,Narrator ,Women,Men,Transition,Filter,Emotional,Funny/Comdey,Surprise,ASMR ,Group,Family ,Speaking,Duet,Text ,movie,siging,baby,zoom,school,magic,tutorial,cats,dogs,other animals,cute,beauty
g1,https://www.tiktok.com/@rickster2344/video/7122106538134703366?is_copy_url=1&is_from_webapp=v1&q=games&t=1659166061479,games,,,,,,,,,,,,,,,,,,,,,,,,x,,,,,,,,,x,,x,,,,,,,,,,,,
g2,https://www.tiktok.com/@weeklycitizen_/video/7107172471857614085?is_copy_url=1&is_from_webapp=v1,games,,,,,,,,,,,,,,,,,,,,,,x,,,,,,,,,,,,,x,,,,,,,,,,,,
g3,https://www.tiktok.com/@pigpongyt/video/7058535245972245807?is_copy_url=1&is_from_webapp=v1,games,,,,,x,,,,,,,,,,,,,,,,,,,,,,,,,,,,,,x,,,,,,,x,,,,,
g4,https://www.tiktok.com/@ingremgametech/video/6928362565030497542?is_copy_url=1&is_from_webapp=v1,games,,,x,,,,,,,,,,,,,,,,,,,,,x,,,,,,,x,,,,,,,,,,,,,,,,
g5,https://www.tiktok.com/@lstoast/video/6996352484868443397?is_copy_url=1&is_from_webapp=v1,games,,,,x,,,,,,,,,,,,,,,,,,,,x,,,,,,,,,,,,,,,,,,,,,,,
g6,https://www.tiktok.com/@shearsyvr/video/6965809300153355525?is_copy_url=1&is_from_webapp=v1,games,,x,,,,,,,,,,,,,,,,,,,,,,,,,,,,,,,,,,,,,,,,,,,,,
g7,https://www.tiktok.com/@mully/video/6809945626663521541?is_copy_url=1&is_from_webapp=v1,games,,,,x,,,,,,,,,,,,,,,,,,,,x,,,,x,,,,,x,,x,,,,,,,,,,,,
g8,https://www.tiktok.com/@houseofhighlights/video/7111119220678790446?is_copy_url=1&is_from_webapp=v1,games,,,,x,,,,,,,,,,,,,,,,,,,,x,,,,x,,,x,,,,x,,,,,,,,,,,,
g9,https://www.tiktok.com/@gibz_the_monke/video/7085536151183887662?is_copy_url=1&is_from_webapp=v1,games,,,,x,,,,,,,,,,,,,,,,,,,,x,,,,,,,,x,x,,,,,,,,,,,,,,
g10,https://www.tiktok.com/@achzach/video/7121326371145600298?is_copy_url=1&is_from_webapp=v1&q=minecraft&t=1659166546661,games,,,,,x,,,,,,,,,,,,,,,,,,,,,,,,,,,,,,x,,,,,,,,,,,,
g11,https://www.tiktok.com/@alexpixey/video/7065636895790861569?is_copy_url=1&is_from_webapp=v1&q=minecraft&t=1659166546661,games,,,,,x,,,,,,,,,,,,,,,,,,,,,,,,,,,,,,,,,,,,,,,,,,
g12,https://www.tiktok.com/@brewsterisalive/video/7111790058738388266?is_copy_url=1&is_from_webapp=v1&q=phone%20game&t=1659166715413,games,,,,,,,,,,,,,,,,,,,,,,,,x,,,,,,,,,x,,x,,,,,,,x,,,,,
g13,https://www.tiktok.com/@oldschool_35/video/7032036403500354821?is_copy_url=1&is_from_webapp=v1&q=snake%20game&t=1659166924160,games,x,,,,,,,,,,,,,,,,,,,,,,,,,,,,,,,,,,,,,,,,,,,,,,
g14,https://www.tiktok.com/@nadadenada_oficial/video/7093633240161848581?is_copy_url=1&is_from_webapp=v1&q=tetris&t=1659166941535,games,x,,,,,,,,,,,,,,,,,,,,,,,x,,,,,,,,,,,,,,,,,,,,,,,
g15,https://www.tiktok.com/@hiririririririri/video/6884929581367807233?is_copy_url=1&is_from_webapp=v1,games,,,,,,,,,,,,,,,,,,,,,,,,,,,,x,,,x,,,,,,,,,,,,,,,,
g16,https://www.tiktok.com/@girlvrgame/video/6854472649628765446?is_copy_url=1&is_from_webapp=v1,games,,,,x,,,,,,,,,,,,,,,,,,,x,,,,,,,,,,,,,,,,,,,,,,,,
g17,https://www.tiktok.com/@retrogamingtommy/video/7066114742250671366?is_copy_url=1&is_from_webapp=v1&q=ps5&t=1659167453595,games,,,x,,,,,,,,,,,,,,,,,,,,,x,,,,,,,,,,,,,,,,,,,,,,,
g18,https://www.tiktok.com/@userseif_/video/6977711296749882630?is_copy_url=1&is_from_webapp=v1,games,,,,,,,,,,,,,,,,,,,,,,x,,x,,,,x,,,,,,,,,,,,,,,,,,,
g19,https://www.tiktok.com/@sidelogic/video/6950848994658651394?is_copy_url=1&is_from_webapp=v1,games,,x,,,,,,,,,,,,,,,,,,,,,,x,,,,,,,,,,,,,,,,,,,,,,,
g20,https://www.tiktok.com/@unpacked1/video/7105044278975532293?is_copy_url=1&is_from_webapp=v1&q=gameboy&t=1659167697390,games,x,,,,,,,,,,,,,,,,,,,,,,,,,,,,,,,,,,,,,,,,,,,,,,