id,Original Link,Categories,Narrator ,Women,Men,Transition,Filter,Emotional,Funny ,Surprise,ASMR ,Group,Family ,Speaking,Text ,movie,siging,baby,zoom,school,magic,tutorial,cats,dogs,other animals,cute,beauty
t1,https://www.tiktok.com/@jamesheelss/video/7092330955033267502?is_copy_url=1&is_from_webapp=v1,"tier, comedy",,,,,,,x,,,,,,,,,,,,,,x,x,x,,
t2,https://www.tiktok.com/@funny_v.i.p/video/7104636715394043182?is_copy_url=1&is_from_webapp=v1,"tier, comedy",,,,,,,x,,,,,,,,,,,,,,x,,,,
t3,https://www.tiktok.com/@melissaksims/video/7098924300501093674?is_copy_url=1&is_from_webapp=v1&q=lol&t=1659021467952,"tier, comedy",,,,,,,x,,,,,,,,,x,,,,,,x,,x,
t4,https://www.tiktok.com/@mouse11121/video/7084252803060796714?is_copy_url=1&is_from_webapp=v1&q=lol&t=1659021467952,"tier, comedy",,,,,,,x,,,,,,,,,,,,,,,,x,,
t5,https://www.tiktok.com/@funnyvids2k21/video/6915785138202758401?is_copy_url=1&is_from_webapp=v1&lang=en,"tier, comedy",,,,,,,x,,,,,x,,,,,,,,,,x,,,
t6,https://www.tiktok.com/@funny_v.i.p/video/7077904540791573806?is_copy_url=1&is_from_webapp=v1&q=pet&t=1659077256239,"tier, comedy",,,,,,,x,,,,,,,,,,,,,,x,,x,,
t7,https://www.tiktok.com/@puppyy520/video/7065127042836106543?is_copy_url=1&is_from_webapp=v1&q=pet&t=1659077256239,"tier, comedy",,,,,,,x,,,,,,,,,,,,,,,x,,,x
t8,https://www.tiktok.com/@ducks_in_space/video/7096913863148440874?is_copy_url=1&is_from_webapp=v1&q=pet&t=1659077256239,tier,,,,,,,x,,,,,,,,,x,,,,,,,x,x,x
t9,https://www.tiktok.com/@lanzk80/video/7086283973344775470?is_copy_url=1&is_from_webapp=v1&q=pet&t=1659077256239,tier,,,,,,,x,,,,,,,,,x,,,,,,x,,x,
t10,https://www.tiktok.com/@amazing_partner/video/7083298762268921093?is_copy_url=1&is_from_webapp=v1&q=pet&t=1659077256239,tier,,,,,,,x,,,,,,,,,,,,,,x,,,x,
t11,https://www.tiktok.com/@bianca8916/video/7089261166794476806?is_copy_url=1&is_from_webapp=v1&q=pets&t=1659077511147,tier,,,,,,,,,,,,,,,,x,,,,,x,,,x,
t12,https://www.tiktok.com/@pubity/video/7086039788729535749?is_copy_url=1&is_from_webapp=v1&q=pets&t=1659077511147,tier,,,,,,,x,,,,,x,x,,,,,,,,,,x,,
t13,https://www.tiktok.com/@football_editz671/video/7094874806100774150?is_copy_url=1&is_from_webapp=v1&q=pets&t=1659077511147,tier,,,,,,,,,,,,,x,,,,,,,,,x,,x,
t14,https://www.tiktok.com/@pet..supplies/video/7086143608725785902?is_copy_url=1&is_from_webapp=v1&q=pets&t=1659077511147,tier,,,,,,,,,,,,,,,,,,,,,x,,,x,
t15,https://www.tiktok.com/@jamesisbeasty/video/7069815599886552366?is_copy_url=1&is_from_webapp=v1&q=pets&t=1659077511147,tier,,,,,,,x,,,,,,x,,,,,,,,x,,,,
t16,https://www.tiktok.com/@chinpals/video/7112470163643010347?is_copy_url=1&is_from_webapp=v1&q=pets&t=1659077511147,tier,,,,,,,,,,,,,,,,,,,,,,,x,x,
t17,https://www.tiktok.com/@gelsey59/video/7075266056557808939?is_copy_url=1&is_from_webapp=v1&q=pets&t=1659077511147,tier,,,,,,,x,,,,,,,,,,,,,,x,,,x,x
t18,https://www.tiktok.com/@twiniboo/video/7013145735747079429?is_copy_url=1&is_from_webapp=v1,tier,,,,,,,,,,,,,,,,,,,,,x,,,x,x
t19,https://www.tiktok.com/@earringuk/video/7068910006690712837?is_copy_url=1&is_from_webapp=v1,tier,,,x,,,,,,,,,,,,,,,,,x,x,,,,
t20,https://www.tiktok.com/@whataboutbunny/video/6838975376509734149?is_copy_url=1&is_from_webapp=v1,tier,,x,,,,,,,,,,x,,,,,,,,x,,x,,,
t21,https://www.tiktok.com/@hey.hayleyy/video/6804921505483361542?is_copy_url=1&is_from_webapp=v1,tier,,,,,,,x,,,,,x,,,,,,,,,,x,,x,
t22,https://www.tiktok.com/@cheeto_fluff/video/7079216632366665006?is_copy_url=1&is_from_webapp=v1,tier,,,,,,,,,,,,,,,,,,,,,x,,,x,
t23,https://www.tiktok.com/@princessemishka/video/6896446263311568130?is_copy_url=1&is_from_webapp=v1,tier,,,,,,,x,,,,,,,,,,,,,x,,x,,x,
t24,https://www.tiktok.com/@honeycutepet/video/7032659446199274757?is_copy_url=1&is_from_webapp=v1,tier,,,,,,,x,,,,,x,,,,x,,,,,x,,,x,
t25,https://www.tiktok.com/@cutekittyclub/video/7088306512308866350?is_copy_url=1&is_from_webapp=v1,tier,,,,,,,x,,,,,x,,,,,,,,,x,,,,
t26,https://www.tiktok.com/@funimalvids/video/7073504082312318213?is_copy_url=1&is_from_webapp=v1,tier,,,,,,,x,,,,,x,,,,,,,,,x,,,,
t27,https://www.tiktok.com/@apolloandfrens/video/7082822655803444522?is_copy_url=1&is_from_webapp=v1,tier,,,x,,,,,,,,,x,,,,,,,,x,,,x,,
t28,https://www.tiktok.com/@maupinfarrierco/video/7012988230840732934?is_copy_url=1&is_from_webapp=v1&q=oddly%20satisfying&t=1659606475382,tier,,,,,,,,,x,,,,,,,,,,,,,,x,,