id,Original Link,Categories,foto,hair,nails,makeup,fandom,impressivedrawing,simpledrawing,manga,oldschool,shootinggames,gamstation,virtualreality,minecraft,keramikton,kleidung,deko,schmuck,basteln,haus,k√ºche,faden,stunts,experiment,moto,car,history,hack,Trendchoreo,lipsync,Narrator ,Women,Men,Transition,Filter,Funny/Comdey,Surprise,ASMR ,Group,Family ,Speaking,Duet,Text ,movie,siging,baby,zoom,school,magic,tutorial,cats,dogs,other animals,cute,beauty
b1,https://www.tiktok.com/@larissa.appius/video/7104295411325635845?is_copy_url=1&is_from_webapp=v1&q=fashion&t=1659271848014,beauty,,,,,,,,,,,,,,,x,,,,,,,,,,,,,,,,x,,,,,,,,,,,,,,,,,,,,,,,
b2,https://www.tiktok.com/@mmivia/video/7061936499343854874?is_copy_url=1&is_from_webapp=v1,beauty,x,,,,,,,,,,,,,,x,,,,,,,,,,,,,,,,x,,,,,,,,,,,x,,,,,,,x,,,,,
b3,https://www.tiktok.com/@nickaufmann/video/6991533915236207873?is_copy_url=1&is_from_webapp=v1&q=carodaur&t=1659272003394,beauty,,,,,,,,,,,,,,,x,,,,,,,,,,,,,,,,x,x,x,,,,,,,,,,,,,,,,,,,,,
b4,https://www.tiktok.com/@carodaur/video/7117652049914858758?is_copy_url=1&is_from_webapp=v1&q=carodaur&t=1659272003394,beauty,,,,,,,,,,,,,,,x,,,,,,,,,,,,,,,x,x,,,,x,,,,,,,x,,,,,,,,,,,,
b5,https://www.tiktok.com/@lisaandlena/video/7096408236034706693?is_copy_url=1&is_from_webapp=v1,beauty,,,,,,,,,,,,,,,x,,,,,,,,,,,,,x,,,x,,,,,,,,,,,x,,,,,,,,,,,,
b6,https://www.tiktok.com/@lisaandlena/video/7096778290488184070?is_copy_url=1&is_from_webapp=v1,beauty,,,,,,,,,,,,,,,x,,,,,,,,,,,,,x,,,x,,,,,,,,,,,x,,,,,,,,,,,,
b7,https://www.tiktok.com/@gladys_romeron/video/7119941468336295174?is_copy_url=1&is_from_webapp=v1&lang=en&q=grwm&t=1659272587062,beauty,,,,,,,,,,,,,,,x,,,,,,,,,,,,,x,,,x,,,,,,,,,,,,,,,,,,,,,,,
b8,https://www.tiktok.com/@laurasaponara/video/7095922239194893574?is_copy_url=1&is_from_webapp=v1&lang=en&q=grwm&t=1659272587062,beauty,,,,x,,,,,,,,,,,x,,,,,,,,,,,,,,,,x,,,,,,,,,,,x,,,,,,,,,,,,
b9,https://www.tiktok.com/@carlarockmore/video/7116998049091702062?is_copy_url=1&is_from_webapp=v1&lang=en,beauty,,,,,,,,,,,,,,,x,,,,,,,,,,,,,,,,x,,,,,,,,,x,,,,,,,,,x,,,,,
b10,https://www.tiktok.com/@bobrownn/video/7104626888663993606?is_copy_url=1&is_from_webapp=v1&lang=en,beauty,,,,,,,,,,,,,,,x,,,,,,,,,,,,,x,,,x,,,,,,,,,,,x,,,,,,,x,,,,,
b11,https://www.tiktok.com/@alittledreamboutique/video/6979241598471130374?is_copy_url=1&is_from_webapp=v1&lang=en,beauty,,,,,,,,,,,,,,,,,x,,,,,,,,,,,,,,x,,,,,,,,,x,,,,,,,,,x,,,,,
b12,https://www.tiktok.com/@devanondeck/video/7008165668201696518?is_copy_url=1&is_from_webapp=v1&lang=en&q=fashion%20man&t=1659276631234,beauty,,,,,,,,,,,,,,,x,,,,,,,,,,,,,,,,,x,x,,,,,,,,,,,,,,,,,,,,,
b13,https://www.tiktok.com/@treybryantstyle/video/7081761570367360302?is_copy_url=1&is_from_webapp=v1&lang=en&q=fashion%20man&t=1659276631234,beauty,,,,,,,,,,,,,,,x,,,,,,,,,,,,,x,,,,x,x,,,,,,,,,x,,,,,,,x,,,,,
b14,https://www.tiktok.com/@miks_tiks/video/7120446833872194859?is_copy_url=1&is_from_webapp=v1&lang=en&q=fashiontrend&t=1659276707924,beauty,,,,,,,,,,,,,,,x,,,,,,,,,,,,,,,,x,,,,,,,,,x,,x,,,,,,,x,,,,,
b15,https://www.tiktok.com/@nickaufmann/video/7125146170304777473?is_copy_url=1&is_from_webapp=v1&lang=en,beauty,x,x,,,,,,,,,,,,,,,,,,,,,,,,,,x,,x,,x,,,,,,,,,,x,,,,,,,x,,,,,
b16,https://www.tiktok.com/@nickaufmann/video/7123994952698252545?is_copy_url=1&is_from_webapp=v1&lang=en,beauty,,x,,,,,,,,,,,,,,,,,,,,,,,,,,,,,,x,,,,,,,,,,,,,,,,,x,,,,,
b17,https://www.tiktok.com/@daniellemarcan/video/7087641604219047174?is_copy_url=1&is_from_webapp=v1&lang=en&q=beauty&t=1659277297744,beauty,,,,x,,,,,,,,,,,,,,,,,,,,,,,,,,,x,,,,,,,,,x,,x,,,,,,,x,,,,,
b18,https://www.tiktok.com/@daniellemarcan/video/7088728703483563269?is_copy_url=1&is_from_webapp=v1&lang=en&q=makeup&t=1659277456633,beauty,,,,x,x,,,,,,,,,,,,,,,,,,,,,,,,,,x,,,,,,,,,,,x,,,,,,,x,,,,,
b19,https://www.tiktok.com/@stxph.h/video/7089150306130398465?is_copy_url=1&is_from_webapp=v1&lang=en&q=makeup&t=1659277456633,beauty,,,,x,,,,,,,,,,,,,,,,,,,,,,,,,,,x,,,,,,,,,x,,x,,,,,,,x,,,,,
b20,https://www.tiktok.com/@quintymirjam/video/7091298267312491782?is_copy_url=1&is_from_webapp=v1&lang=en&q=hair&t=1659277683048,beauty,,x,,,,,,,,,,,,,,,,,,,,,,,,,,,,x,x,,,,,,,,,,,x,,,,,,,x,,,,,
b21,https://www.tiktok.com/@zzhilton/video/7114744267624615214?is_copy_url=1&is_from_webapp=v1&lang=en&q=hair&t=1659277683048,beauty,,x,,,,,,,,,,,,,,,,,,,,,,,,,,,,,x,,,,,,,,,,,x,,,,,,,x,,,,,
b22,https://www.tiktok.com/@zzhilton/video/7114744267624615214?is_copy_url=1&is_from_webapp=v1&lang=en&q=hair&t=1659277683048,beauty,,x,,,,,,,,,,,,,,,,,,,,,,,,,,,,,,,,,,,,,,,,,,,,,,,,,,,,
b23,https://www.tiktok.com/@thepamperedskin_/video/7085624110381862171?is_copy_url=1&is_from_webapp=v1&lang=en&q=hairstyles&t=1659277864122,beauty,,x,,,,,,,,,,,,,,,,,,,,,,,,,,,,,x,,,,,,,,,,,x,,,,,,,x,,,,,
b24,https://www.tiktok.com/@lightslacquer/video/7084702405417323822?is_copy_url=1&is_from_webapp=v1&q=nail&t=1659420603381,beauty,,,x,,,,,,,,,,,,,,,,,,,,,,,,,,,x,x,,,,,,,,,,,x,,,,,,,x,,,,,
b25,https://www.tiktok.com/@lightslacquer/video/7121806639715388714?is_copy_url=1&is_from_webapp=v1&q=nails%20french&t=1659420701401,beauty,,,x,,,,,,,,,,,,,,,,,,,,,,,,,,,x,x,,,,,,,,,,,x,,,,,,,x,,,,,
b26,https://www.tiktok.com/@stxph.h/video/7069449129180613890?is_copy_url=1&is_from_webapp=v1&q=hairstylle&t=1659420783770,beauty,,x,,,,,,,,,,,,,,,,,,,,,,,,,,,,,x,,,,,,,,,,,x,,,,,,,x,,,,,
b27,https://www.tiktok.com/@tanyasv_/video/7110186644392758534?is_copy_url=1&is_from_webapp=v1&q=hairstylle&t=1659420783770,beauty,,x,,,,,,,,,,,,,,,,,,,,,,,,,,,,,x,,,,,,,,,,,x,,,,,,,x,,,,,
b28,https://www.tiktok.com/@michellekhxn/video/7088442266444041518?is_copy_url=1&is_from_webapp=v1,beauty,,,x,,,,,,,,,,,,,,,,,,,,,,,,,,,x,x,,,,,,,,,,,x,,,,,,,x,,,,,
b29,https://www.tiktok.com/@elliotforbes/video/7004949177427971334?is_copy_url=1&is_from_webapp=v1&q=oddly%20satisfying&t=1659606475382,beauty,,x,,,,,,,,,,,,,,,,,,,,,,,,,,,,,,x,,,,,x,,,,,,,,,,,,,,,,,