id,Original Link,Categories,singing,instrument,summersport,ballsport,wintersport,gym,outside,places,foto,hair,nails,makeup,fandom,simpledrawing,impressivedrawing,manga,oldschool,shootinggames,gamestation,vr,minecraft,kleidung,keramikton,deko,schmuck,basteln,haus,kueche,faden,stunts,experiment,moto,car,history,hack,trend,narrator,women,men,Funny/Comdey,ASMR,Group,Family ,Speaking,Duet,Text ,movie,baby,zoom,school,magic,tutorial,cats,dogs,other animals,cute,beauty
m1 ,https://www.tiktok.com/@urbantheory_/video/6880824023727525121?is_copy_url=1&is_from_webapp=v1,musik,,x,,,,,,,,,,,,,,,,,,,,,,,,,,,,,,,,,,,,,,,x,x,,,,,,,,,,,,,,,
m2,https://www.tiktok.com/@ovaksss/video/7064953142063959297?is_copy_url=1&is_from_webapp=v1,musik,,x,,,,,,,,,,,,,,,,,,,,,,,,,,,,,,,,,,,,,,,,,,,,,,,,,,,,,,,
m3,https://www.tiktok.com/@pianodaddan/video/7052892858130418990?is_copy_url=1&is_from_webapp=v1,musik,,x,,,,,,,,,,,,,,,,,,,,,,,,,,,,,,,,,,x,,,x,,,,x,x,,x,,,,,,,,,,,
m4,https://www.tiktok.com/@filippolombardelli/video/7063809800706034949?is_copy_url=1&is_from_webapp=v1&q=pianochallange&t=1659604906679,musik,,x,,,,,,,,,,,,,,,,,,,,,,,,,,,,,,,,,,,,,x,,,,,,,,,,,,,,,,,,
m5,https://www.tiktok.com/@raquelreigns/video/7078252817068215594?is_copy_url=1&is_from_webapp=v1&q=singing&t=1659604939662,musik,x,,,,,,,,,,,,,,,,,,,,,,,,,,,,,,,,,,,,,x,,,,,,,,x,,,,,,,,,,,
m6,https://www.tiktok.com/@anela.rm/video/7078739185959439621?is_copy_url=1&is_from_webapp=v1&q=sing&t=1659605074098,musik,x,,,,,,,,,,,,,,,,,,,,,,,,,,,,,,,,,,,,,x,,,,,,,,,,,,,,,,,,,
m7,https://www.tiktok.com/@ludwig.aufr/video/7088704795023854853?is_copy_url=1&is_from_webapp=v1&q=guitar&t=1659605299048,musik,,x,,,,,,,,,,,,,,,,,,,,,,,,,,,,,,,,,,,,,x,,,,,,,,,,,,,,,,,,
m8,https://www.tiktok.com/@omirpss/video/7090809632934989083?is_copy_url=1&is_from_webapp=v1&q=guitar&t=1659605299048,musik,,x,,,,,,,,,,,,,,,,,,,,,,,,,,,,,,,,,,,,,,,,,,,,,,,,,,,,,,,
m9,https://www.tiktok.com/@sammyhaigmusic/video/7079439695679196459?is_copy_url=1&is_from_webapp=v1&q=trumpet&t=1659605374810,musik,,x,,,,,,,,,,,,,,,,,,,,,,,,,,,,,,,,,,,,,x,,,,,,,x,,,,,,,,,,,
m10,https://www.tiktok.com/@joelsvnny/video/7066766759302384897?is_copy_url=1&is_from_webapp=v1&q=violin&t=1659605416019,musik,,x,,,,,,,,,,,,,,,,,,,,,,,,,,,,,,,,,,,,,x,,,,,x,,x,,,,,,x,,,,,
m11,https://www.tiktok.com/@miaasanomusic/video/7103638683244432686?is_copy_url=1&is_from_webapp=v1&q=violin&t=1659605416019,musik,,x,,,,,,,,,,,,,,,,,,,,,,,,,,,,,,,,,,,,x,,,,,,,,x,,,,,,x,,,,,
m12,https://www.tiktok.com/@myreek_/video/7090723594052865322?lang=en,musik,x,,,,,,,,,,,,,,,,,,,,,,,,,,,,,,,,,,,,x,,x,,,,,,,x,,,,,,,,,,,
m13,https://www.tiktok.com/@tommylyon_/video/7026830914613185797?is_copy_url=1&is_from_webapp=v1&q=male%20singer&t=1659605623367,musik,x,,,,,,,,,,,,,,,,,,,,,,,,,,,,,,,,,,,,,,x,,,,,,,x,,,,,,,,,,,
m14,https://www.tiktok.com/@willaustinn/video/7121283566050233601?is_copy_url=1&is_from_webapp=v1&q=male%20singer&t=1659605623367,musik,x,x,,,,,,,,,,,,,,,,,,,,,,,,,,,,,,,,,,,,,x,,,,,,,x,,,,,,,,,,,
m15,https://www.tiktok.com/@valeriaroswell/video/7092592785798253830?is_copy_url=1&is_from_webapp=v1&q=duet&t=1659606302283,musik,x,,,,,,,,,,,,,,,,,,,,,,,,,,,,,,,,,,,x,,x,,,,,,,,x,,,,,,,,,,,
m16,https://www.tiktok.com/@elliotjamesreay/video/7095363454957079813?is_copy_url=1&is_from_webapp=v1&q=duet&t=1659606302283,musik,x,,,,,,,,,,,,,,,,,,,,,,,,,,,,,,,,,,,x,,,x,,,,,,,x,,,,,,,,,,,
m17,https://www.tiktok.com/@jhekhoos/video/7076559310238567681?is_copy_url=1&is_from_webapp=v1&q=duet&t=1659606302283,musik,,x,,,,,,,,,,,,,,,,,,,,,,,,,,,,,,,,,,,,,,,,,,,,x,,,,,,,,,,,