id,Original Link,Categories,impressivedrawing,simpledrawing,manga,oldschool,shootinggames,gamstation,virtualreality,minecraft,keramikton,kleidung,deko,schmuck,basteln,haus,k√ºche,faden,stunts,experiment,moto,car,history,hack,Trendchoreo,lipsync,Narrator ,Women,Men,Transition,Filter,Funny/Comdey,Surprise,ASMR ,Group,Family ,Speaking,Duet,Text ,movie,siging,baby,zoom,school,magic,tutorial,cats,dogs,other animals,cute,beauty
k1,https://www.tiktok.com/@zachking/video/7083539560382385454?is_copy_url=1&is_from_webapp=v1,kunst,,x,,,,,,,,,,,,,,,,,,,,,,,,,x,,,,,,,,,,,,,,,,x,,,,,,
k2,https://www.tiktok.com/@getcrockd/video/7124392899688533250?is_copy_url=1&is_from_webapp=v1,kunst,,x,,,,,,,,,,,,,,,,,,,,,,,,,,,,,,,,,,,,,,,,,,,,,,,
k3,https://www.tiktok.com/@thisartperson/video/7097663110877564166?is_copy_url=1&is_from_webapp=v1&q=art&t=1659170110912,kunst,x,,,,,,,,,,,,,,,,,,,,,,,,,x,,,,,,,,,x,,,,,,,,,,,,,,
k4,https://www.tiktok.com/@tylerjburke/video/7103970425910185259?is_copy_url=1&is_from_webapp=v1&q=art&t=1659170110912,kunst,x,,,,,,,,,,,,,,,,,,,,,,,,,,x,,,,,,,,,,,,,,,,,,,,,,
k5,https://www.tiktok.com/@slim_drawk/video/7082760366811270406?is_copy_url=1&is_from_webapp=v1&q=art&t=1659170110912,kunst,x,x,,,,,,,,,,,,,,,,,,,,,x,,,,x,,,,,,,,,,x,,,,,,,,,,,,
k6,https://www.tiktok.com/@myarttiktok/video/7101317039503002922?is_copy_url=1&is_from_webapp=v1&q=art&t=1659170110912,kunst,,x,,,,,,,,,,,,,,,,,,,,,,,,,x,,,,,,,,,,,,,,,,,x,,,,,
k7,https://www.tiktok.com/@skor.so_art/video/7099024590826900741?is_copy_url=1&is_from_webapp=v1&q=art&t=1659170110912,kunst,x,,,,,,,,,,,,,,,,,,,,,,,,,,,,,,,,,,,,,,,,,,,,,,,,
k8,https://www.tiktok.com/@danah__art/video/7100538884584525058?is_copy_url=1&is_from_webapp=v1&q=painting&t=1659170414536,kunst,,x,,,,,,,,,,,,,,,,,,,,,,,,,,,,,,,,,,,,,,,,,,x,,,,,
k9,https://www.tiktok.com/@perikotheartist/video/7110649149959245099?is_copy_url=1&is_from_webapp=v1&q=painting&t=1659170414536,kunst,x,,,,,,,,,,,,,,,,,,,,x,,,,,,x,,,,,,,,,,x,,,,,,,,,,,,
k10,https://www.tiktok.com/@yazziiecat/video/7082413060023110958?is_copy_url=1&is_from_webapp=v1&q=painting&t=1659170414536,kunst,x,,,,,,,,,,,,,,,,,,,,,,,,x,x,,,,,,,,,,,x,,,,,,,x,,,,,
k11,https://www.tiktok.com/@amber_emmi/video/7016735112301677829?is_copy_url=1&is_from_webapp=v1&q=painting&t=1659170414536,kunst,x,,,,,,,,,,,,,,,,,,,,,,,,,,,,,,,,,,,,,,,,,,,,,,,,
k12,https://www.tiktok.com/@bobbziee/video/7039015874560380165?is_copy_url=1&is_from_webapp=v1&q=painting&t=1659170414536,kunst,x,,,,,,,,,,,,,,,,,,,,,,,,,,,,,,,,,,,,,,,,,,,,,,,,
k13,https://www.tiktok.com/@lily.ting/video/7077688871005310254?is_copy_url=1&is_from_webapp=v1,kunst,,x,,,,,,,,,,,,,,,,,,,,,,,,,,,,,,,,,,,x,,,,,,,,,,,,
k14,https://www.tiktok.com/@karliinaanna/video/6821801389237308678?is_copy_url=1&is_from_webapp=v1,kunst,,x,,,,,,,,,,,,,,,,,,,,,,,,,,,,,,,,,,,,,,,,,,,,,,,
k15,https://www.tiktok.com/@eteportraits/video/7042323449183882502?is_copy_url=1&is_from_webapp=v1,kunst,x,,,,,,,,,,,,,,,,,,,,,,,,,,,,,,,,,,,,x,,,,,,,,,,,,
k16,https://www.tiktok.com/@mazawski/video/7072971329028230446?is_copy_url=1&is_from_webapp=v1&q=drawing&t=1659171130424,kunst,,x,x,,,,,,,,,,,,,,,,,,,,,,,,,,,,,,,,,,,,,,,,,,,,,,
k17,https://www.tiktok.com/@noellelel/video/7063174278027414830?is_copy_url=1&is_from_webapp=v1&q=manga%20drawing&t=1659171269373,kunst,,x,x,,,,,,,,,,,,,,,,,,,,,,,,,,,,,,,,,,,,,,,,,,,,,,
k18,https://www.tiktok.com/@thomasletor/video/7078305136677752070?is_copy_url=1&is_from_webapp=v1&q=manga%20drawing&t=1659171269373,kunst,,x,x,,,,,,,,,,,,,,,,,,,,,,,,,,,,,,,,,,,,,,,,,,,,,,
k19,https://www.tiktok.com/@isabelgiannuzzi/video/7078000324321021190?is_copy_url=1&is_from_webapp=v1&q=drawing&t=1659171130424,kunst,x,,,,,,,,,,,,,,,,,,,,,,,,,,x,,,,,,,,,,x,,,,,,,,,,,,
k20,https://www.tiktok.com/@art.inworld/video/7092549916001619226?is_copy_url=1&is_from_webapp=v1&q=watercolorpainting&t=1659171431997,kunst,x,,,,,,,,,,,,,,,,,,,,,,,,,,,,,,,,,,,,,,,,,,,,,,,,
k21,https://www.tiktok.com/@camilla_creations/video/7099829733679959338?is_copy_url=1&is_from_webapp=v1&q=artist&t=1659173093490,kunst,x,,,,,,,,,,,,,,,,,,,,,,,,,x,,,,,,,,,x,,,,,,,,,,,,,,
k22,https://www.tiktok.com/@dimacciographics/video/7117384307324275973?is_copy_url=1&is_from_webapp=v1&q=artist&t=1659173093490,kunst,x,,,,,,,,,,,,,,,,,,,,,,,,x,,x,,,,,,,x,,,x,,,,,,,,,,,,
k23,https://www.tiktok.com/@user446010151/video/6937186771860000005?is_copy_url=1&is_from_webapp=v1,kunst,x,,,,,,,,,,,,,,,,,,,,,,,,,x,,,,,,,,,,,,,,,,,,,,,,,
k24,https://www.tiktok.com/@courtney_art/video/7091666544278719786?is_copy_url=1&is_from_webapp=v1,kunst,x,,,,,,,,,,,,,,,,,,,,,,,,,x,,,,,,,,,,,,,,,,,,,,,,,
k25,https://www.tiktok.com/@pencildrawingok/video/6897137419150265606?is_copy_url=1&is_from_webapp=v1&q=pencilpainting&t=1659173382594,kunst,x,,,,,,,,,,,,,,,,,,,,,,,,,,,,,,,,,,,,,,,,,,,,,,,,
k26,https://www.tiktok.com/@azar.an/video/6944693046218951938?is_copy_url=1&is_from_webapp=v1&q=pencilpainting&t=1659173382594,kunst,x,,,,,,,,,,,,,,,,,,,,,,,,,,,,,x,,,,,,,,,,,,,,,,,,,
k27,https://www.tiktok.com/@oddlysatisfying/video/7079433405443853614?is_copy_url=1&is_from_webapp=v1&q=oddly%20satisfying&t=1659606475382,kunst,,,,,,,,,,,,,,,,,,,,,,,,,,,,,,,,x,,,,,,,,,,,,,,,,,
k30,https://www.tiktok.com/@drew.nori/video/7036019851470621958?is_copy_url=1&is_from_webapp=v1,kunst,,x,,,,,,,,,,,,,,,,,,,,,,,,,,,,,,x,,,,,,,,,,,,,,,,,